Tahun,Bulan,Tanggal,Jam UTC,Koofesian PC1,Koofesien PC2,Amplitudo PC1+PC2,Curah Hujan
2020,1,1,0,-0.25054,0.48458,0.54552,51.0
2020,1,2,0,-0.26876,0.62931,0.68429,6.0
2020,1,3,0,-0.40663,0.79343,0.89155,0.0
2020,1,4,0,-0.52165,0.94933,1.08321,16.0
2020,1,5,0,-0.56185,1.08779,1.22432,1.0
2020,1,6,0,-0.627,1.22344,1.37475,0.0
2020,1,7,0,-0.76552,1.34656,1.54895,1.0
2020,1,8,0,-0.9215,1.42872,1.70012,35.0
2020,1,9,0,-1.00309,1.48259,1.79004,10.0
2020,1,10,0,-1.09669,1.39863,1.77733,19.0
2020,1,11,0,-1.14917,1.14762,1.62408,40.0
2020,1,12,0,-1.09869,0.82806,1.37579,16.0
2020,1,13,0,-0.97713,0.45885,1.0795,0.0
2020,1,14,0,-0.82714,0.00715,0.82717,0.0
2020,1,15,0,-0.64204,-0.45243,0.78543,6.0
2020,1,16,0,-0.4118,-0.84752,0.94226,0.0
2020,1,17,0,-0.20885,-1.22886,1.24648,6.0
2020,1,18,0,-0.11146,-1.65494,1.65869,64.0
2020,1,19,0,0.04047,-1.95546,1.95588,1.0
2020,1,20,0,0.19337,-2.06474,2.07378,20.0
2020,1,21,0,0.39027,-2.11313,2.14887,37.0
2020,1,22,0,0.56571,-2.0579,2.13424,0.0
2020,1,23,0,0.71515,-1.90799,2.03761,0.0
2020,1,24,0,0.83447,-1.69061,1.88534,2.0
2020,1,25,0,0.92971,-1.44482,1.7181,15.0
2020,1,26,0,0.98488,-1.12732,1.49694,21.0
2020,1,27,0,1.09501,-0.76189,1.33399,52.0
2020,1,28,0,1.13438,-0.37199,1.19381,7.0
2020,1,29,0,1.16551,-0.01654,1.16563,36.0
2020,1,30,0,1.18873,0.31969,1.23097,8.0
2020,1,31,0,1.13559,0.57696,1.27375,33.0
2020,2,1,0,1.0058,0.79101,1.27958,1.0
2020,2,2,0,0.82964,0.95661,1.26625,1.0
2020,2,3,0,0.68883,1.10676,1.30361,0.0
2020,2,4,0,0.54158,1.16187,1.2819,16.0
2020,2,5,0,0.33284,1.27083,1.31369,1.0
2020,2,6,0,0.11785,1.31224,1.31752,64.0
2020,2,7,0,-0.11697,1.2535,1.25895,0.0
2020,2,8,0,-0.32626,1.15878,1.20383,7.0
2020,2,9,0,-0.46804,1.07917,1.1763,0.0
2020,2,10,0,-0.59668,0.96553,1.13502,36.0
2020,2,11,0,-0.69956,0.76406,1.03594,40.0
2020,2,12,0,-0.83121,0.46962,0.9547,7.0
2020,2,13,0,-0.89724,0.30128,0.94647,0.0
2020,2,14,0,-0.87656,0.13565,0.887,2.0
2020,2,15,0,-0.81957,0.04369,0.82073,0.0
2020,2,16,0,-0.71705,-0.03275,0.7178,29.0
2020,2,17,0,-0.63254,-0.11781,0.64342,22.0
2020,2,18,0,-0.55995,-0.19802,0.59394,41.0
2020,2,19,0,-0.43641,-0.26478,0.51045,6.0
2020,2,20,0,-0.2438,-0.27424,0.36694,31.0
2020,2,21,0,-0.02147,-0.25463,0.25553,4.0
2020,2,22,0,0.17797,-0.26621,0.32022,0.0
2020,2,23,0,0.32377,-0.20552,0.3835,1.0
2020,2,24,0,0.55704,-0.17036,0.58251,56.0
2020,2,25,0,0.79878,-0.03636,0.79961,40.0
2020,2,26,0,1.01474,0.14028,1.02439,8.0
2020,2,27,0,1.13434,0.30273,1.17404,1.0
2020,2,28,0,1.22788,0.4792,1.31808,3.0
2020,2,29,0,1.30372,0.66677,1.46433,46.0
2020,3,1,0,1.29408,0.81921,1.53158,17.0
2020,3,2,0,1.18444,0.94339,1.51422,1.0
2020,3,3,0,1.08138,1.07644,1.52581,0.0
2020,3,4,0,0.90903,1.20372,1.5084,35.0
2020,3,5,0,0.65672,1.15946,1.33253,43.0
2020,3,6,0,0.3265,1.05917,1.10835,2.0
2020,3,7,0,0.08735,1.01293,1.01669,76.0
2020,3,8,0,-0.14665,0.96924,0.98028,2.0
2020,3,9,0,-0.40615,0.88992,0.97822,12.0
2020,3,10,0,-0.52855,0.76054,0.92617,0.0
2020,3,11,0,-0.51563,0.51993,0.73226,22.0
2020,3,12,0,-0.50823,0.22453,0.55562,0.0
2020,3,13,0,-0.48531,-0.06684,0.48989,5.0
2020,3,14,0,-0.32841,-0.25574,0.41624,0.0
2020,3,15,0,-0.05271,-0.3196,0.32392,6.0
2020,3,16,0,0.18572,-0.31332,0.36423,27.0
2020,3,17,0,0.35269,-0.2691,0.44363,5.0
2020,3,18,0,0.46666,-0.17579,0.49867,0.0
2020,3,19,0,0.43218,-0.08799,0.44105,1.0
2020,3,20,0,0.33531,0.05376,0.33959,1.0
2020,3,21,0,0.27323,0.17474,0.32433,0.0
2020,3,22,0,0.2347,0.35226,0.42328,22.0
2020,3,23,0,0.18837,0.59565,0.62473,0.0
2020,3,24,0,0.11231,0.83162,0.83917,0.0
2020,3,25,0,0.07365,0.95012,0.95297,2.0
2020,3,26,0,0.06597,1.0345,1.0366,25.0
2020,3,27,0,0.04975,1.04861,1.04979,52.0
2020,3,28,0,0.06084,1.008,1.00983,0.0
2020,3,29,0,-0.05429,0.95447,0.95601,0.0
2020,3,30,0,-0.24603,0.83782,0.87319,12.0
2020,3,31,0,-0.40064,0.67784,0.78739,33.0
2020,4,1,0,-0.49214,0.50195,0.70296,34.0
2020,4,2,0,-0.52873,0.32625,0.62129,0.0
2020,4,3,0,-0.56615,0.28644,0.63449,0.0
2020,4,4,0,-0.56221,0.20483,0.59836,3.0
2020,4,5,0,-0.58094,0.05593,0.58362,1.0
2020,4,6,0,-0.62471,-0.08637,0.63066,8.0
2020,4,7,0,-0.54331,-0.27231,0.60773,8.0
2020,4,8,0,-0.36069,-0.34496,0.4991,99.0
2020,4,9,0,-0.25746,-0.40904,0.48332,3.0
2020,4,10,0,-0.225,-0.45618,0.50865,29.0
2020,4,11,0,-0.23637,-0.45588,0.51352,0.0
2020,4,12,0,-0.24383,-0.50631,0.56196,0.0
2020,4,13,0,-0.31881,-0.63679,0.71214,38.0
2020,4,14,0,-0.37067,-0.69851,0.79077,38.0
2020,4,15,0,-0.26852,-0.78018,0.82509,92.0
2020,4,16,0,-0.13487,-0.84264,0.85337,0.0
2020,4,17,0,0.00301,-0.87062,0.87062,0.0
2020,4,18,0,0.14391,-0.80224,0.81504,0.0
2020,4,19,0,0.31579,-0.7036,0.77121,0.0
2020,4,20,0,0.46406,-0.71832,0.85518,0.0
2020,4,21,0,0.63684,-0.65414,0.91294,0.0
2020,4,22,0,0.7915,-0.47333,0.92223,2.0
2020,4,23,0,0.96024,-0.2212,0.98539,0.0
2020,4,24,0,1.12069,0.08696,1.12406,0.0
2020,4,25,0,1.12915,0.43568,1.21029,2.0
2020,4,26,0,1.13899,0.68118,1.32714,0.0
2020,4,27,0,1.11108,0.84182,1.39397,0.0
2020,4,28,0,0.96844,0.94755,1.35489,0.0
2020,4,29,0,0.83691,1.10028,1.3824,6.0
2020,4,30,0,0.6898,1.14868,1.33988,0.0
2020,5,1,0,0.62115,1.14049,1.29867,0.0
2020,5,2,0,0.55466,1.05497,1.1919,0.0
2020,5,3,0,0.45386,0.9718,1.07256,0.0
2020,5,4,0,0.42817,0.83494,0.93833,0.0
2020,5,5,0,0.3006,0.7069,0.76816,1.0
2020,5,6,0,0.24405,0.60579,0.6531,0.0
2020,5,7,0,0.26626,0.48241,0.55101,0.0
2020,5,8,0,0.32168,0.32766,0.45917,0.0
2020,5,9,0,0.37803,0.19213,0.42406,0.0
2020,5,10,0,0.45388,0.12441,0.47063,0.0
2020,5,11,0,0.58644,0.07457,0.59116,0.0
2020,5,12,0,0.73257,0.08292,0.73724,3.0
2020,5,13,0,0.9513,0.15662,0.96411,0.0
2020,5,14,0,1.17883,0.33341,1.22507,0.0
2020,5,15,0,1.23332,0.50029,1.33093,0.0
2020,5,16,0,1.21697,0.67747,1.39283,0.0
2020,5,17,0,1.15828,0.81703,1.41745,0.0
2020,5,18,0,1.00384,0.96095,1.38965,0.0
2020,5,19,0,0.77763,1.00497,1.27069,28.0
2020,5,20,0,0.57225,1.02412,1.17316,0.0
2020,5,21,0,0.36477,0.9299,0.99889,19.0
2020,5,22,0,0.06368,0.76161,0.76427,0.0
2020,5,23,0,-0.19278,0.52869,0.56274,0.0
2020,5,24,0,-0.31204,0.31804,0.44556,0.0
2020,5,25,0,-0.35877,0.12773,0.38083,29.0
2020,5,26,0,-0.491,-0.07766,0.49711,25.0
2020,5,27,0,-0.51042,-0.32743,0.60642,0.0
2020,5,28,0,-0.42137,-0.50066,0.65438,78.0
2020,5,29,0,-0.42526,-0.65438,0.78042,0.0
2020,5,30,0,-0.4376,-0.76519,0.88149,11.0
2020,5,31,0,-0.38514,-0.81951,0.9055,0.0
2020,6,1,0,-0.32523,-0.82327,0.88518,0.0
2020,6,2,0,-0.24206,-0.78872,0.82503,2.0
2020,6,3,0,-0.18539,-0.7184,0.74194,13.0
2020,6,4,0,-0.11025,-0.55263,0.56352,0.0
2020,6,5,0,-0.14993,-0.33524,0.36723,0.0
2020,6,6,0,-0.23169,-0.14972,0.27586,0.0
2020,6,7,0,-0.18581,-0.03766,0.18959,18.0
2020,6,8,0,-0.21492,0.07316,0.22703,0.0
2020,6,9,0,-0.27309,0.17864,0.32633,0.0
2020,6,10,0,-0.34093,0.27558,0.43838,7.0
2020,6,11,0,-0.34189,0.32098,0.46895,0.0
2020,6,12,0,-0.26302,0.30209,0.40054,0.0
2020,6,13,0,-0.15513,0.22635,0.27441,0.0
2020,6,14,0,0.01727,0.09812,0.09963,0.0
2020,6,15,0,0.19687,-0.05609,0.2047,0.0
2020,6,16,0,0.29402,-0.13636,0.3241,0.0
2020,6,17,0,0.44019,-0.19513,0.4815,0.0
2020,6,18,0,0.57281,-0.22908,0.61692,0.0
2020,6,19,0,0.67882,-0.33482,0.7569,0.0
2020,6,20,0,0.73026,-0.39179,0.82872,0.0
2020,6,21,0,0.67157,-0.36218,0.76301,0.0
2020,6,22,0,0.60215,-0.27033,0.66005,0.0
2020,6,23,0,0.48231,-0.20043,0.5223,0.0
2020,6,24,0,0.30047,-0.07758,0.31033,0.0
2020,6,25,0,0.15261,0.08751,0.17592,0.0
2020,6,26,0,0.01409,0.17407,0.17464,0.0
2020,6,27,0,-0.06391,0.16647,0.17832,0.0
2020,6,28,0,-0.15166,0.19578,0.24765,0.0
2020,6,29,0,-0.24379,0.18667,0.30705,0.0
2020,6,30,0,-0.23025,0.10084,0.25137,0.0
2020,7,1,0,-0.12366,-0.0398,0.12991,0.0
2020,7,2,0,0.06062,-0.14974,0.16154,0.0
2020,7,3,0,0.25176,-0.20849,0.32688,2.0
2020,7,4,0,0.42346,-0.29002,0.51325,0.0
2020,7,5,0,0.56635,-0.34154,0.66137,0.0
2020,7,6,0,0.57541,-0.29426,0.64629,1.0
2020,7,7,0,0.5967,-0.18102,0.62356,5.0
2020,7,8,0,0.66551,-0.07878,0.67016,0.0
2020,7,9,0,0.6862,0.01311,0.68633,0.0
2020,7,10,0,0.69366,0.09132,0.69965,0.0
2020,7,11,0,0.6687,0.14577,0.68441,0.0
2020,7,12,0,0.68994,0.16765,0.71002,0.0
2020,7,13,0,0.67791,0.06613,0.68113,0.0
2020,7,14,0,0.67177,-0.03585,0.67273,0.0
2020,7,15,0,0.65638,-0.25332,0.70357,55.0
2020,7,16,0,0.63489,-0.4555,0.78139,0.0
2020,7,17,0,0.61871,-0.63152,0.88409,0.0
2020,7,18,0,0.64035,-0.73239,0.97286,0.0
2020,7,19,0,0.5991,-0.69387,0.91672,0.0
2020,7,20,0,0.53651,-0.62515,0.8238,0.0
2020,7,21,0,0.52867,-0.61192,0.80866,0.0
2020,7,22,0,0.56588,-0.50185,0.75636,0.0
2020,7,23,0,0.46895,-0.32178,0.56874,0.0
2020,7,24,0,0.41021,-0.01869,0.41064,0.0
2020,7,25,0,0.29911,0.20955,0.36521,0.0
2020,7,26,0,0.04915,0.43781,0.44056,0.0
2020,7,27,0,-0.29087,0.60069,0.66741,0.0
2020,7,28,0,-0.49958,0.72809,0.88301,0.0
2020,7,29,0,-0.67338,0.85463,1.08804,0.0
2020,7,30,0,-0.92801,0.95901,1.33451,0.0
2020,7,31,0,-1.16209,1.08457,1.58957,0.0
2020,8,1,0,-1.23151,1.15891,1.69106,0.0
2020,8,2,0,-1.30073,1.1102,1.7101,0.0
2020,8,3,0,-1.3763,1.0216,1.71402,0.0
2020,8,4,0,-1.2693,0.96397,1.59385,0.0
2020,8,5,0,-1.1482,0.84728,1.42697,0.0
2020,8,6,0,-1.1672,0.59673,1.3109,0.0
2020,8,7,0,-1.15782,0.33527,1.20539,0.0
2020,8,8,0,-1.18572,0.21808,1.20561,1.0
2020,8,9,0,-1.20704,0.0665,1.20887,0.0
2020,8,10,0,-1.19282,-0.08219,1.19565,0.0
2020,8,11,0,-1.09802,-0.22868,1.12158,0.0
2020,8,12,0,-0.98238,-0.34391,1.04084,0.0
2020,8,13,0,-0.99098,-0.52385,1.12092,0.0
2020,8,14,0,-0.99107,-0.6193,1.16865,19.0
2020,8,15,0,-0.90466,-0.66341,1.12184,0.0
2020,8,16,0,-0.81939,-0.73907,1.10346,0.0
2020,8,17,0,-0.67618,-0.95597,1.17093,0.0
2020,8,18,0,-0.51104,-1.13893,1.24833,0.0
2020,8,19,0,-0.40103,-1.27281,1.33449,0.0
2020,8,20,0,-0.25558,-1.36123,1.38502,0.0
2020,8,21,0,-0.03203,-1.43666,1.43701,0.0
2020,8,22,0,0.23018,-1.48449,1.50223,0.0
2020,8,23,0,0.49192,-1.57645,1.65142,0.0
2020,8,24,0,0.72948,-1.55416,1.71685,0.0
2020,8,25,0,0.90316,-1.42965,1.69103,0.0
2020,8,26,0,0.98838,-1.27755,1.61524,0.0
2020,8,27,0,1.04979,-1.06249,1.49364,0.0
2020,8,28,0,1.15266,-0.82198,1.41572,0.0
2020,8,29,0,1.19043,-0.52117,1.29952,0.0
2020,8,30,0,1.22175,-0.32219,1.26352,0.0
2020,8,31,0,1.30225,-0.1894,1.31595,0.0
2020,9,1,0,1.43772,0.01041,1.43776,0.0
2020,9,2,0,1.51267,0.14762,1.51986,0.0
2020,9,3,0,1.48629,0.26493,1.50972,0.0
2020,9,4,0,1.46801,0.38317,1.51719,0.0
2020,9,5,0,1.42203,0.46745,1.49689,0.0
2020,9,6,0,1.33745,0.51342,1.43261,0.0
2020,9,7,0,1.234,0.55211,1.35188,0.0
2020,9,8,0,0.97825,0.63141,1.16433,0.0
2020,9,9,0,0.68554,0.82825,1.07516,0.0
2020,9,10,0,0.34022,0.94679,1.00606,0.0
2020,9,11,0,-0.0035,1.02549,1.02549,0.0
2020,9,12,0,-0.29104,1.09466,1.13269,0.0
2020,9,13,0,-0.49827,1.17387,1.27524,0.0
2020,9,14,0,-0.65877,1.20418,1.3726,0.0
2020,9,15,0,-0.80712,1.18665,1.43512,0.0
2020,9,16,0,-0.89779,1.08891,1.41129,0.0
2020,9,17,0,-0.88565,0.99574,1.33262,0.0
2020,9,18,0,-0.88396,0.83319,1.21474,0.0
2020,9,19,0,-0.87569,0.78177,1.17388,0.0
2020,9,20,0,-0.85936,0.75466,1.14369,0.0
2020,9,21,0,-0.77056,0.71074,1.04829,0.0
2020,9,22,0,-0.65037,0.67078,0.93431,17.0
2020,9,23,0,-0.56296,0.61179,0.83139,15.0
2020,9,24,0,-0.57898,0.57873,0.81863,0.0
2020,9,25,0,-0.64689,0.52924,0.8358,17.0
2020,9,26,0,-0.63945,0.45884,0.78704,0.0
2020,9,27,0,-0.63398,0.46661,0.78719,0.0
2020,9,28,0,-0.56129,0.47606,0.73599,0.0
2020,9,29,0,-0.43938,0.51907,0.68007,0.0
2020,9,30,0,-0.32848,0.50292,0.60069,0.0
2020,10,1,0,-0.36898,0.38866,0.53591,0.0
2020,10,2,0,-0.464,0.28232,0.54314,0.0
2020,10,3,0,-0.53944,0.28799,0.6115,24.0
2020,10,4,0,-0.54195,0.42706,0.68999,1.0
2020,10,5,0,-0.55112,0.69142,0.88419,0.0
2020,10,6,0,-0.55007,0.90236,1.05681,0.0
2020,10,7,0,-0.59954,0.97004,1.14036,0.0
2020,10,8,0,-0.70498,0.97609,1.20406,0.0
2020,10,9,0,-0.86882,0.9709,1.30288,0.0
2020,10,10,0,-0.97497,1.02843,1.41712,0.0
2020,10,11,0,-1.0302,1.04151,1.46494,11.0
2020,10,12,0,-0.99469,0.95413,1.37832,0.0
2020,10,13,0,-0.97998,0.78836,1.25773,0.0
2020,10,14,0,-0.9769,0.55969,1.12588,0.0
2020,10,15,0,-0.98246,0.26916,1.01866,0.0
2020,10,16,0,-1.00875,0.04246,1.00964,0.0
2020,10,17,0,-1.05306,-0.06953,1.05536,10.0
2020,10,18,0,-0.97793,-0.13546,0.98727,4.0
2020,10,19,0,-0.92165,-0.23037,0.95001,0.0
2020,10,20,0,-0.86725,-0.26851,0.90787,20.0
2020,10,21,0,-0.81762,-0.35229,0.89028,1.0
2020,10,22,0,-0.81001,-0.40832,0.9071,17.0
2020,10,23,0,-0.76691,-0.50619,0.91891,13.0
2020,10,24,0,-0.66927,-0.50818,0.84034,60.0
2020,10,25,0,-0.59151,-0.47482,0.75852,0.0
2020,10,26,0,-0.47235,-0.60823,0.7701,22.0
2020,10,27,0,-0.48015,-0.74423,0.88567,28.0
2020,10,28,0,-0.4969,-0.80062,0.94228,0.0
2020,10,29,0,-0.53593,-0.86142,1.01453,0.0
2020,10,30,0,-0.55538,-0.86825,1.03068,3.0
2020,10,31,0,-0.50304,-0.93589,1.06251,25.0
2020,11,1,0,-0.41718,-0.90934,1.00047,153.0
2020,11,2,0,-0.33778,-0.96483,1.02225,7.0
2020,11,3,0,-0.25595,-0.98804,1.02065,0.0
2020,11,4,0,-0.18583,-0.8957,0.91477,0.0
2020,11,5,0,-0.04811,-0.83918,0.84055,3.0
2020,11,6,0,0.13336,-0.83457,0.84516,6.0
2020,11,7,0,0.37686,-0.8441,0.92441,0.0
2020,11,8,0,0.74304,-0.84336,1.124,0.0
2020,11,9,0,1.17779,-0.81672,1.43325,1.0
2020,11,10,0,1.51946,-0.80238,1.7183,0.0
2020,11,11,0,1.71582,-0.85977,1.91918,0.0
2020,11,12,0,1.85319,-1.00266,2.10705,2.0
2020,11,13,0,2.02029,-1.22068,2.36043,0.0
2020,11,14,0,2.07413,-1.37242,2.48708,0.0
2020,11,15,0,2.06642,-1.39275,2.49195,0.0
2020,11,16,0,2.00597,-1.32633,2.4048,0.0
2020,11,17,0,1.79934,-1.14706,2.13386,0.0
2020,11,18,0,1.52375,-0.84756,1.7436,5.0
2020,11,19,0,1.29446,-0.49489,1.38583,0.0
2020,11,20,0,1.02547,-0.08001,1.02859,1.0
2020,11,21,0,0.65392,0.2781,0.7106,0.0
2020,11,22,0,0.23145,0.47705,0.53023,0.0
2020,11,23,0,-0.09503,0.59396,0.60151,39.0
2020,11,24,0,-0.38567,0.62791,0.7369,0.0
2020,11,25,0,-0.67318,0.61209,0.90985,25.0
2020,11,26,0,-0.86155,0.56878,1.03236,55.0
2020,11,27,0,-0.99285,0.54982,1.13492,9.0
2020,11,28,0,-1.06678,0.52186,1.18758,25.0
2020,11,29,0,-1.07835,0.48893,1.18401,74.0
2020,11,30,0,-0.97723,0.46358,1.08161,95.0
2020,12,1,0,-0.86503,0.5035,1.00089,9.0
2020,12,2,0,-0.75251,0.56479,0.94088,10.0
2020,12,3,0,-0.60569,0.56385,0.82752,38.0
2020,12,4,0,-0.43551,0.49587,0.65997,0.0
2020,12,5,0,-0.25667,0.40113,0.47622,8.0
2020,12,6,0,-0.13797,0.28202,0.31397,7.0
2020,12,7,0,-0.02737,0.20707,0.20887,9.0
2020,12,8,0,0.10113,0.17006,0.19785,0.0
2020,12,9,0,0.15042,0.18966,0.24206,0.0
2020,12,10,0,0.04575,0.26565,0.26956,5.0
2020,12,11,0,-0.08858,0.35356,0.36449,0.0
2020,12,12,0,-0.16298,0.49876,0.52472,1.0
2020,12,13,0,-0.229,0.67808,0.71571,1.0
2020,12,14,0,-0.32652,0.90154,0.95885,0.0
2020,12,15,0,-0.40592,1.1518,1.22123,11.0
2020,12,16,0,-0.46541,1.26568,1.34853,41.0
2020,12,17,0,-0.54615,1.2515,1.36548,6.0
2020,12,18,0,-0.57088,1.15281,1.28642,1.0
2020,12,19,0,-0.48937,0.90881,1.03219,2.0
2020,12,20,0,-0.40044,0.64984,0.76331,0.0
2020,12,21,0,-0.33887,0.3881,0.51523,0.0
2020,12,22,0,-0.28411,0.13603,0.315,0.0
2020,12,23,0,-0.25639,-0.11454,0.28081,16.0
2020,12,24,0,-0.2001,-0.28642,0.3494,2.0
2020,12,25,0,-0.16191,-0.31387,0.35317,13.0
2020,12,26,0,-0.12242,-0.29657,0.32084,17.0
2020,12,27,0,-0.0306,-0.29467,0.29626,21.0
2020,12,28,0,0.08169,-0.18561,0.20279,38.0
2020,12,29,0,0.22133,-0.03775,0.22453,212.0
2020,12,30,0,0.36848,0.08888,0.37905,3.0
2020,12,31,0,0.5445,0.19953,0.57991,27.0
2021,1,1,0,0.7108,0.25784,0.75612,18.0
2021,1,2,0,0.84745,0.28591,0.89438,5.0
2021,1,3,0,0.9656,0.3155,1.01584,52.0
2021,1,4,0,1.07283,0.36396,1.13289,34.0
2021,1,5,0,1.15069,0.449,1.23519,18.0
2021,1,6,0,1.20465,0.51739,1.31105,3.0
2021,1,7,0,1.19617,0.54398,1.31406,13.0
2021,1,8,0,1.15265,0.53421,1.27042,1.0
2021,1,9,0,1.12831,0.54504,1.25305,5.0
2021,1,10,0,1.10881,0.64939,1.28498,24.0
2021,1,11,0,0.9822,0.74982,1.2357,8.0
2021,1,12,0,0.78055,0.80944,1.12448,7.0
2021,1,13,0,0.63041,0.87656,1.07971,0.0
2021,1,14,0,0.46679,0.92391,1.03513,6.0
2021,1,15,0,0.29834,0.93135,0.97797,63.0
2021,1,16,0,0.19423,0.90615,0.92673,0.0
2021,1,17,0,0.11026,0.84929,0.85642,9.0
2021,1,18,0,-0.02076,0.74799,0.74828,100.0
2021,1,19,0,-0.14547,0.62832,0.64494,11.0
2021,1,20,0,-0.13343,0.48745,0.50538,7.0
2021,1,21,0,-0.10554,0.33662,0.35278,4.0
2021,1,22,0,-0.1393,0.19464,0.23935,1.0
2021,1,23,0,-0.23698,0.10102,0.25761,13.0
2021,1,24,0,-0.34051,0.0666,0.34696,24.0
2021,1,25,0,-0.50775,0.14081,0.52691,1.0
2021,1,26,0,-0.62201,0.26776,0.67719,25.0
2021,1,27,0,-0.71886,0.37349,0.81009,25.0
2021,1,28,0,-0.7562,0.43465,0.87221,3.0
2021,1,29,0,-0.88721,0.43226,0.98692,4.0
2021,1,30,0,-1.02243,0.44996,1.11706,19.0
2021,1,31,0,-1.17409,0.40809,1.24299,17.0
2021,2,1,0,-1.29753,0.28742,1.32898,1.0
2021,2,2,0,-1.36118,0.10443,1.36518,9.0
2021,2,3,0,-1.35461,-0.13786,1.36161,22.0
2021,2,4,0,-1.35787,-0.37226,1.40797,19.0
2021,2,5,0,-1.31251,-0.61736,1.45045,13.0
2021,2,6,0,-1.26294,-0.87885,1.53863,12.0
2021,2,7,0,-1.16321,-1.08729,1.59225,23.0
2021,2,8,0,-1.08412,-1.25802,1.6607,214.0
2021,2,9,0,-1.04772,-1.30359,1.67244,26.0
2021,2,10,0,-0.9828,-1.31002,1.6377,1.0
2021,2,11,0,-0.88424,-1.27878,1.55472,4.0
2021,2,12,0,-0.79548,-1.25928,1.48949,0.0
2021,2,13,0,-0.7689,-1.27639,1.4901,0.0
2021,2,14,0,-0.7488,-1.27106,1.47523,0.0
2021,2,15,0,-0.70538,-1.21393,1.40399,1.0
2021,2,16,0,-0.6691,-1.21335,1.38561,10.0
2021,2,17,0,-0.64792,-1.27603,1.4311,1.0
2021,2,18,0,-0.52799,-1.3167,1.41862,0.0
2021,2,19,0,-0.37956,-1.22431,1.28179,70.0
2021,2,20,0,-0.31046,-1.09731,1.14038,27.0
2021,2,21,0,-0.29232,-1.00121,1.04301,23.0
2021,2,22,0,-0.17317,-0.91623,0.93245,2.0
2021,2,23,0,-0.00109,-0.80073,0.80073,69.0
2021,2,24,0,0.04684,-0.69157,0.69316,7.0
2021,2,25,0,0.04039,-0.48672,0.48839,0.0
2021,2,26,0,-0.02183,-0.18166,0.18296,94.0
2021,2,27,0,-0.18477,0.06335,0.19533,0.0
2021,2,28,0,-0.31616,0.09169,0.32919,0.0
2021,3,1,0,-0.31396,0.00359,0.31398,18.0
2021,3,2,0,-0.26579,-0.03695,0.26835,3.0
2021,3,3,0,-0.27355,0.02241,0.27446,4.0
2021,3,4,0,-0.31834,0.07918,0.32804,6.0
2021,3,5,0,-0.25588,0.1313,0.2876,16.0
2021,3,6,0,-0.155,0.16452,0.22603,4.0
2021,3,7,0,-0.06571,0.09534,0.11579,128.0
2021,3,8,0,0.0348,-0.09276,0.09907,75.0
2021,3,9,0,0.06036,-0.19844,0.20742,17.0
2021,3,10,0,0.0451,-0.17887,0.18446,3.0
2021,3,11,0,0.04223,-0.23126,0.23508,0.0
2021,3,12,0,0.06606,-0.41363,0.41887,4.0
2021,3,13,0,0.14989,-0.60234,0.62071,35.0
2021,3,14,0,0.25604,-0.72668,0.77047,25.0
2021,3,15,0,0.45211,-0.79407,0.91375,0.0
2021,3,16,0,0.65485,-0.76861,1.00975,0.0
2021,3,17,0,0.75731,-0.66981,1.01103,12.0
2021,3,18,0,0.88331,-0.54125,1.03595,14.0
2021,3,19,0,0.9925,-0.35705,1.05478,5.0
2021,3,20,0,1.09314,-0.20579,1.11235,3.0
2021,3,21,0,1.16063,-0.03793,1.16125,0.0
2021,3,22,0,1.22297,0.21316,1.24141,64.0
2021,3,23,0,1.26361,0.45892,1.34436,25.0
2021,3,24,0,1.28104,0.63281,1.42881,7.0
2021,3,25,0,1.34887,0.75468,1.54564,1.0
2021,3,26,0,1.39124,0.89182,1.65254,14.0
2021,3,27,0,1.38832,0.99409,1.70753,0.0
2021,3,28,0,1.33948,1.05705,1.70633,4.0
2021,3,29,0,1.21234,1.24394,1.737,0.0
2021,3,30,0,1.08015,1.42193,1.78567,4.0
2021,3,31,0,0.85785,1.46061,1.6939,6.0
2021,4,1,0,0.61107,1.3884,1.51692,30.0
2021,4,2,0,0.33233,1.27149,1.31421,0.0
2021,4,3,0,-0.0476,1.2556,1.2565,0.0
2021,4,4,0,-0.38949,1.17226,1.23527,0.0
2021,4,5,0,-0.72676,1.01134,1.24539,1.0
2021,4,6,0,-1.03124,0.79123,1.29981,1.0
2021,4,7,0,-1.15755,0.51502,1.26695,0.0
2021,4,8,0,-1.22002,0.26485,1.24843,0.0
2021,4,9,0,-1.19059,0.0399,1.19125,0.0
2021,4,10,0,-1.14901,-0.14631,1.15829,0.0
2021,4,11,0,-1.10911,-0.19309,1.12579,0.0
2021,4,12,0,-0.98429,-0.27969,1.02325,94.0
2021,4,13,0,-0.86174,-0.40803,0.95346,0.0
2021,4,14,0,-0.70707,-0.47966,0.85442,14.0
2021,4,15,0,-0.63725,-0.59438,0.87142,43.0
2021,4,16,0,-0.66856,-0.75453,1.00812,29.0
2021,4,17,0,-0.7632,-0.9895,1.24964,0.0
2021,4,18,0,-0.88893,-1.1469,1.45106,2.0
2021,4,19,0,-0.99112,-1.24748,1.59328,0.0
2021,4,20,0,-1.11944,-1.37453,1.77271,0.0
2021,4,21,0,-1.25353,-1.49689,1.95244,0.0
2021,4,22,0,-1.36943,-1.58271,2.09292,0.0
2021,4,23,0,-1.46583,-1.66766,2.22031,0.0
2021,4,24,0,-1.45627,-1.69847,2.23731,0.0
2021,4,25,0,-1.41049,-1.68024,2.19378,27.0
2021,4,26,0,-1.26665,-1.68046,2.10436,0.0
2021,4,27,0,-1.07011,-1.78364,2.08003,0.0
2021,4,28,0,-0.81895,-1.87244,2.0437,0.0
2021,4,29,0,-0.40622,-1.99276,2.03375,0.0
2021,4,30,0,0.05425,-1.99791,1.99864,0.0
2021,5,1,0,0.49629,-1.91481,1.97808,0.0
2021,5,2,0,0.84197,-1.75991,1.95095,0.0
2021,5,3,0,1.0851,-1.58454,1.92047,0.0
2021,5,4,0,1.27836,-1.46106,1.94137,0.0
2021,5,5,0,1.38911,-1.2556,1.87248,0.0
2021,5,6,0,1.45152,-1.03615,1.7834,1.0
2021,5,7,0,1.51661,-0.86729,1.74708,4.0
2021,5,8,0,1.52831,-0.75151,1.70309,0.0
2021,5,9,0,1.53818,-0.72376,1.69995,0.0
2021,5,10,0,1.51104,-0.65964,1.64874,0.0
2021,5,11,0,1.50828,-0.57451,1.61399,0.0
2021,5,12,0,1.49334,-0.4369,1.55594,0.0
2021,5,13,0,1.49942,-0.2185,1.51526,0.0
2021,5,14,0,1.47454,0.03704,1.475,0.0
2021,5,15,0,1.35042,0.37606,1.40181,0.0
2021,5,16,0,1.08132,0.79031,1.33935,0.0
2021,5,17,0,0.76098,1.24262,1.45712,0.0
2021,5,18,0,0.3987,1.6244,1.67261,0.0
2021,5,19,0,0.02927,1.89745,1.89768,0.0
2021,5,20,0,-0.26895,2.105,2.12211,0.0
2021,5,21,0,-0.49064,2.21988,2.27345,0.0
2021,5,22,0,-0.61455,2.18967,2.27427,0.0
2021,5,23,0,-0.65167,2.01431,2.1171,0.0
2021,5,24,0,-0.6492,1.81314,1.92586,0.0
2021,5,25,0,-0.62538,1.64475,1.75963,50.0
2021,5,26,0,-0.69888,1.46323,1.62157,0.0
2021,5,27,0,-0.76631,1.26958,1.48292,0.0
2021,5,28,0,-0.8195,1.01678,1.30592,0.0
2021,5,29,0,-0.92766,0.71422,1.17076,0.0
2021,5,30,0,-0.98754,0.43595,1.07948,20.0
2021,5,31,0,-0.98569,0.27105,1.02228,0.0
2021,6,1,0,-1.04554,0.21315,1.06704,0.0
2021,6,2,0,-1.18009,0.19439,1.19599,4.0
2021,6,3,0,-1.30921,0.04519,1.30999,0.0
2021,6,4,0,-1.35988,-0.09685,1.36332,0.0
2021,6,5,0,-1.38209,-0.16872,1.39235,0.0
2021,6,6,0,-1.34186,-0.19741,1.3563,0.0
2021,6,7,0,-1.25393,-0.14593,1.26239,0.0
2021,6,8,0,-1.13614,-0.10194,1.1407,0.0
2021,6,9,0,-1.10603,-0.10171,1.1107,0.0
2021,6,10,0,-1.02612,-0.10307,1.03128,0.0
2021,6,11,0,-0.82397,-0.14469,0.83658,0.0
2021,6,12,0,-0.59393,-0.20927,0.62972,5.0
2021,6,13,0,-0.46552,-0.26149,0.53393,27.0
2021,6,14,0,-0.33714,-0.31984,0.46472,0.0
2021,6,15,0,-0.2073,-0.42539,0.47321,0.0
2021,6,16,0,-0.04456,-0.60424,0.60588,1.0
2021,6,17,0,0.01921,-0.71757,0.71783,0.0
2021,6,18,0,0.08897,-0.78052,0.78558,0.0
2021,6,19,0,0.16909,-0.92485,0.94018,23.0
2021,6,20,0,0.22408,-1.0506,1.07423,5.0
2021,6,21,0,0.29182,-1.13335,1.17032,0.0
2021,6,22,0,0.44419,-1.18651,1.26693,0.0
2021,6,23,0,0.70764,-1.27082,1.45456,3.0
2021,6,24,0,0.88138,-1.37411,1.63249,4.0
2021,6,25,0,0.98496,-1.35916,1.67853,0.0
2021,6,26,0,1.04829,-1.34555,1.7057,0.0
2021,6,27,0,1.06791,-1.25504,1.64789,0.0
2021,6,28,0,1.12346,-1.05873,1.54372,0.0
2021,6,29,0,1.26192,-0.89014,1.54427,0.0
2021,6,30,0,1.3595,-0.63646,1.5011,0.0
2021,7,1,0,1.3661,-0.33476,1.40652,5.0
2021,7,2,0,1.2121,-0.0037,1.21211,0.0
2021,7,3,0,1.04865,0.39251,1.1197,0.0
2021,7,4,0,0.97681,0.71302,1.20936,0.0
2021,7,5,0,1.00016,1.00648,1.41892,0.0
2021,7,6,0,1.08178,1.1733,1.5959,0.0
2021,7,7,0,1.20549,1.26394,1.74664,0.0
2021,7,8,0,1.13466,1.33783,1.75421,0.0
2021,7,9,0,1.02158,1.35236,1.69484,0.0
2021,7,10,0,0.97849,1.33673,1.65659,0.0
2021,7,11,0,0.89081,1.27063,1.55178,1.0
2021,7,12,0,0.76947,1.15385,1.38689,1.0
2021,7,13,0,0.53622,1.06625,1.19349,0.0
2021,7,14,0,0.2188,1.00192,1.02553,0.0
2021,7,15,0,-0.13086,0.89844,0.90792,0.0
2021,7,16,0,-0.55992,0.83709,1.00709,0.0
2021,7,17,0,-0.84142,0.80739,1.16613,0.0
2021,7,18,0,-1.02564,0.69014,1.23622,0.0
2021,7,19,0,-1.189,0.48933,1.28575,0.0
2021,7,20,0,-1.2334,0.28772,1.26651,0.0
2021,7,21,0,-1.25013,0.13298,1.25718,0.0
2021,7,22,0,-1.27254,-0.09383,1.27599,1.0
2021,7,23,0,-1.23754,-0.37499,1.29311,0.0
2021,7,24,0,-1.14111,-0.59079,1.28498,0.0
2021,7,25,0,-0.98194,-0.75321,1.23755,0.0
2021,7,26,0,-0.80104,-0.93721,1.2329,0.0
2021,7,27,0,-0.65783,-1.10721,1.28789,0.0
2021,7,28,0,-0.53907,-1.24368,1.35549,0.0
2021,7,29,0,-0.51035,-1.3626,1.45504,0.0
2021,7,30,0,-0.45086,-1.4112,1.48148,0.0
2021,7,31,0,-0.26551,-1.35966,1.38534,0.0
2021,8,1,0,-0.05659,-1.22334,1.22465,0.0
2021,8,2,0,0.15857,-1.10061,1.11198,0.0
2021,8,3,0,0.32872,-1.02415,1.07561,0.0
2021,8,4,0,0.50383,-0.94776,1.07336,0.0
2021,8,5,0,0.67032,-0.83564,1.07128,0.0
2021,8,6,0,0.78935,-0.66688,1.03334,0.0
2021,8,7,0,0.95608,-0.50871,1.08299,1.0
2021,8,8,0,1.20472,-0.37382,1.26139,0.0
2021,8,9,0,1.33608,-0.26888,1.36287,0.0
2021,8,10,0,1.40062,-0.20167,1.41506,1.0
2021,8,11,0,1.45954,-0.07538,1.46149,0.0
2021,8,12,0,1.55794,0.02044,1.55808,0.0
2021,8,13,0,1.58276,0.11256,1.58676,0.0
2021,8,14,0,1.5424,0.27633,1.56696,0.0
2021,8,15,0,1.50631,0.36783,1.55058,0.0
2021,8,16,0,1.4187,0.45638,1.4903,0.0
2021,8,17,0,1.24491,0.55915,1.36471,0.0
2021,8,18,0,1.14703,0.68881,1.33796,0.0
2021,8,19,0,1.03645,0.77156,1.29211,10.0
2021,8,20,0,0.87862,0.80489,1.19157,44.0
2021,8,21,0,0.60865,0.92289,1.10552,0.0
2021,8,22,0,0.33186,1.00831,1.06151,1.0
2021,8,23,0,0.17517,1.04964,1.06415,0.0
2021,8,24,0,0.07093,1.08996,1.09226,0.0
2021,8,25,0,-0.00926,1.15019,1.15023,0.0
2021,8,26,0,-0.03202,1.15671,1.15715,0.0
2021,8,27,0,-0.11773,1.08928,1.09563,0.0
2021,8,28,0,-0.18514,1.08441,1.1001,0.0
2021,8,29,0,-0.30241,1.08815,1.12939,0.0
2021,8,30,0,-0.35737,1.06415,1.12255,0.0
2021,8,31,0,-0.39985,1.03853,1.11285,0.0
2021,9,1,0,-0.51385,1.00645,1.13004,0.0
2021,9,2,0,-0.66515,0.9862,1.18954,0.0
2021,9,3,0,-0.76764,0.94223,1.21535,0.0
2021,9,4,0,-0.91203,0.9356,1.30658,0.0
2021,9,5,0,-1.05549,0.95406,1.42277,0.0
2021,9,6,0,-1.11039,0.91991,1.44194,0.0
2021,9,7,0,-1.07833,0.85138,1.37392,0.0
2021,9,8,0,-1.0501,0.75837,1.29531,0.0
2021,9,9,0,-1.09279,0.76662,1.33488,0.0
2021,9,10,0,-1.11776,0.76014,1.35173,0.0
2021,9,11,0,-1.07477,0.72174,1.29462,0.0
2021,9,12,0,-1.01724,0.65385,1.20925,0.0
2021,9,13,0,-0.88416,0.50568,1.01855,4.0
2021,9,14,0,-0.67922,0.3917,0.78407,31.0
2021,9,15,0,-0.62752,0.29727,0.69437,16.0
2021,9,16,0,-0.68711,0.25377,0.73248,0.0
2021,9,17,0,-0.70974,0.1844,0.73331,0.0
2021,9,18,0,-0.61523,0.04681,0.61701,0.0
2021,9,19,0,-0.4878,-0.11248,0.5006,0.0
2021,9,20,0,-0.38625,-0.23611,0.4527,2.0
2021,9,21,0,-0.34212,-0.29342,0.45071,0.0
2021,9,22,0,-0.25812,-0.25108,0.36009,0.0
2021,9,23,0,-0.18775,-0.25557,0.31712,0.0
2021,9,24,0,-0.04259,-0.26838,0.27174,12.0
2021,9,25,0,0.1346,-0.30759,0.33575,0.0
2021,9,26,0,0.25642,-0.28438,0.38291,0.0
2021,9,27,0,0.31986,-0.16773,0.36117,0.0
2021,9,28,0,0.26115,-0.10265,0.2806,0.0
2021,9,29,0,0.12071,-0.10655,0.161,0.0
2021,9,30,0,-0.029,-0.08713,0.09183,0.0
2021,10,1,0,-0.20584,-0.07067,0.21764,0.0
2021,10,2,0,-0.42226,-0.02578,0.42304,0.0
2021,10,3,0,-0.65662,-0.03951,0.65781,0.0
2021,10,4,0,-0.87924,-0.03469,0.87992,0.0
2021,10,5,0,-0.99006,-0.0872,0.99389,1.0
2021,10,6,0,-1.04809,-0.2364,1.07442,1.0
2021,10,7,0,-1.06128,-0.30471,1.10415,0.0
2021,10,8,0,-1.01825,-0.34969,1.07663,0.0
2021,10,9,0,-0.87243,-0.49373,1.00244,0.0
2021,10,10,0,-0.69676,-0.63145,0.94032,0.0
2021,10,11,0,-0.49689,-0.71885,0.87387,0.0
2021,10,12,0,-0.32255,-0.60476,0.6854,0.0
2021,10,13,0,-0.10413,-0.43316,0.4455,0.0
2021,10,14,0,0.12993,-0.35201,0.37522,0.0
2021,10,15,0,0.24429,-0.30945,0.39426,0.0
2021,10,16,0,0.3683,-0.25313,0.4469,0.0
2021,10,17,0,0.52378,-0.22828,0.57136,0.0
2021,10,18,0,0.59603,-0.18048,0.62276,0.0
2021,10,19,0,0.63435,-0.195,0.66364,4.0
2021,10,20,0,0.64415,-0.20703,0.6766,0.0
2021,10,21,0,0.75831,-0.29019,0.81194,3.0
2021,10,22,0,0.82996,-0.37481,0.91067,0.0
2021,10,23,0,0.76987,-0.35564,0.84805,1.0
2021,10,24,0,0.78664,-0.29433,0.8399,0.0
2021,10,25,0,0.84888,-0.21603,0.87593,0.0
2021,10,26,0,0.81198,-0.14535,0.82489,0.0
2021,10,27,0,0.81452,-0.11099,0.82205,0.0
2021,10,28,0,0.79523,-0.02151,0.79552,41.0
2021,10,29,0,0.76138,0.0768,0.76524,0.0
2021,10,30,0,0.66219,0.18311,0.68704,1.0
2021,10,31,0,0.56672,0.36015,0.67148,9.0
2021,11,1,0,0.5949,0.57576,0.82789,3.0
2021,11,2,0,0.63949,0.69923,0.94756,27.0
2021,11,3,0,0.65162,0.79611,1.02878,22.0
2021,11,4,0,0.68042,0.89715,1.12599,0.0
2021,11,5,0,0.60909,1.00355,1.17393,1.0
2021,11,6,0,0.49217,1.11248,1.21649,0.0
2021,11,7,0,0.38673,1.16439,1.22693,0.0
2021,11,8,0,0.16682,1.16782,1.17968,4.0
2021,11,9,0,-0.01342,1.06405,1.06413,0.0
2021,11,10,0,-0.27173,0.88476,0.92555,84.0
2021,11,11,0,-0.47012,0.83246,0.95604,15.0
2021,11,12,0,-0.62112,0.79957,1.01247,0.0
2021,11,13,0,-0.73345,0.77157,1.06455,69.0
2021,11,14,0,-0.73984,0.6924,1.0133,42.0
2021,11,15,0,-0.70015,0.57868,0.90834,0.0
2021,11,16,0,-0.57929,0.48861,0.75784,12.0
2021,11,17,0,-0.35354,0.35961,0.50429,1.0
2021,11,18,0,-0.24162,0.23414,0.33646,32.0
2021,11,19,0,-0.18441,0.17755,0.25599,4.0
2021,11,20,0,-0.16431,0.15755,0.22764,28.0
2021,11,21,0,-0.2377,0.06952,0.24765,0.0
2021,11,22,0,-0.28499,0.016,0.28543,0.0
2021,11,23,0,-0.35513,-0.00285,0.35514,1.0
2021,11,24,0,-0.45283,-0.03825,0.45444,79.0
2021,11,25,0,-0.63372,-0.13222,0.64737,0.0
2021,11,26,0,-0.89096,-0.19647,0.91236,53.0
2021,11,27,0,-1.09576,-0.23239,1.12014,2.0
2021,11,28,0,-1.28041,-0.24856,1.30431,6.0
2021,11,29,0,-1.41999,-0.29791,1.4509,118.0
2021,11,30,0,-1.52803,-0.21618,1.54325,0.0
2021,12,1,0,-1.5862,-0.12063,1.59078,0.0
2021,12,2,0,-1.65033,-0.10993,1.65399,17.0
2021,12,3,0,-1.69589,-0.16978,1.70437,37.0
2021,12,4,0,-1.68874,-0.25585,1.70801,39.0
2021,12,5,0,-1.68288,-0.30765,1.71077,6.0
2021,12,6,0,-1.65696,-0.34444,1.69239,0.0
2021,12,7,0,-1.61966,-0.4569,1.68288,4.0
2021,12,8,0,-1.59238,-0.56355,1.68916,2.0
2021,12,9,0,-1.50451,-0.76725,1.68885,13.0
2021,12,10,0,-1.4384,-1.05943,1.78645,11.0
2021,12,11,0,-1.32628,-1.27414,1.83914,4.0
2021,12,12,0,-1.17985,-1.36082,1.80108,4.0
2021,12,13,0,-1.03694,-1.32321,1.68111,0.0
2021,12,14,0,-0.86966,-1.25073,1.52337,0.0
2021,12,15,0,-0.66569,-1.22638,1.3954,7.0
2021,12,16,0,-0.47421,-1.14181,1.23637,5.0
2021,12,17,0,-0.32358,-1.08235,1.12969,13.0
2021,12,18,0,-0.25822,-0.96974,1.00353,90.0
2021,12,19,0,-0.26418,-0.83439,0.87521,39.0
2021,12,20,0,-0.35938,-0.69092,0.77879,0.0
2021,12,21,0,-0.46363,-0.57135,0.7358,3.0
2021,12,22,0,-0.5358,-0.4768,0.71723,9.0
2021,12,23,0,-0.57829,-0.43974,0.72649,1.0
2021,12,24,0,-0.62784,-0.34699,0.71734,31.0
2021,12,25,0,-0.63145,-0.30524,0.70136,4.0
2021,12,26,0,-0.5893,-0.16429,0.61177,34.0
2021,12,27,0,-0.56483,0.00029,0.56483,1.0
2021,12,28,0,-0.5148,0.17135,0.54257,5.0
2021,12,29,0,-0.39435,0.2511,0.46751,6.0
2021,12,30,0,-0.27841,0.24542,0.37113,1.0
2021,12,31,0,-0.16739,0.19955,0.26046,22.0
2022,1,1,0,-0.07022,0.08622,0.11119,1.0
2022,1,2,0,0.01021,-0.03925,0.04055,4.0
2022,1,3,0,0.07003,-0.16779,0.18182,30.0
2022,1,4,0,0.15151,-0.40302,0.43056,1.0
2022,1,5,0,0.28018,-0.65876,0.71587,0.0
2022,1,6,0,0.41948,-0.89788,0.99103,9.0
2022,1,7,0,0.53328,-1.08059,1.20502,50.0
2022,1,8,0,0.64579,-1.16118,1.32867,47.0
2022,1,9,0,0.74291,-1.17873,1.39332,1.0
2022,1,10,0,0.79559,-1.15198,1.40001,57.0
2022,1,11,0,0.87147,-1.15012,1.443,20.0
2022,1,12,0,0.94799,-1.08646,1.4419,0.0
2022,1,13,0,1.01214,-0.90909,1.36046,37.0
2022,1,14,0,1.04208,-0.72773,1.27103,1.0
2022,1,15,0,1.06321,-0.50981,1.17912,0.0
2022,1,16,0,1.02551,-0.28148,1.06344,1.0
2022,1,17,0,0.96469,-0.13311,0.97383,0.0
2022,1,18,0,0.94032,-0.04544,0.94142,21.0
2022,1,19,0,0.96608,0.05468,0.96762,0.0
2022,1,20,0,0.99935,0.16022,1.01211,10.0
2022,1,21,0,1.00965,0.17671,1.025,0.0
2022,1,22,0,0.94463,0.14274,0.95535,0.0
2022,1,23,0,0.86699,0.12254,0.8756,0.0
2022,1,24,0,0.7586,0.09073,0.76401,8.0
2022,1,25,0,0.69377,0.08907,0.69946,20.0
2022,1,26,0,0.66606,0.18486,0.69124,0.0
2022,1,27,0,0.60919,0.29491,0.67682,0.0
2022,1,28,0,0.53436,0.37698,0.65395,0.0
2022,1,29,0,0.45624,0.47527,0.65881,4.0
2022,1,30,0,0.39331,0.65002,0.75975,5.0
2022,1,31,0,0.39913,0.81738,0.90963,1.0
2022,2,1,0,0.37915,0.94056,1.01411,7.0
2022,2,2,0,0.42621,1.0639,1.1461,41.0
2022,2,3,0,0.48954,1.1426,1.24306,1.0
2022,2,4,0,0.55647,1.17614,1.30114,2.0
2022,2,5,0,0.65423,1.25415,1.41454,19.0
2022,2,6,0,0.80869,1.3774,1.59725,13.0
2022,2,7,0,0.92751,1.48156,1.74794,12.0
2022,2,8,0,1.03971,1.48658,1.81408,1.0
2022,2,9,0,1.15765,1.37493,1.79738,12.0
2022,2,10,0,1.3109,1.24213,1.80591,21.0
2022,2,11,0,1.4205,1.05165,1.76742,0.0
2022,2,12,0,1.51495,0.89228,1.75819,1.0
2022,2,13,0,1.53623,0.70441,1.69003,0.0
2022,2,14,0,1.50983,0.45136,1.57586,2.0
2022,2,15,0,1.35216,0.20791,1.36805,3.0
2022,2,16,0,1.1535,0.05461,1.15479,0.0
2022,2,17,0,0.90219,0.08034,0.90576,1.0
2022,2,18,0,0.64563,0.23031,0.68548,4.0
2022,2,19,0,0.4199,0.42737,0.59913,1.0
2022,2,20,0,0.23873,0.65465,0.69682,43.0
2022,2,21,0,0.02511,0.84031,0.84068,1.0
2022,2,22,0,-0.24997,0.96697,0.99875,15.0
2022,2,23,0,-0.5626,1.04557,1.18732,97.0
2022,2,24,0,-0.77142,1.01841,1.27759,16.0
2022,2,25,0,-0.8846,0.89132,1.25577,25.0
2022,2,26,0,-0.81139,0.69205,1.06643,0.0
2022,2,27,0,-0.6716,0.52056,0.84972,0.0
2022,2,28,0,-0.47956,0.35056,0.59403,16.0
2022,3,1,0,-0.33217,0.2389,0.40916,0.0
2022,3,2,0,-0.22976,0.11933,0.2589,0.0
2022,3,3,0,-0.11739,0.05336,0.12895,12.0
2022,3,4,0,-0.03381,-0.02937,0.04479,11.0
2022,3,5,0,-0.07463,-0.15091,0.16836,13.0
2022,3,6,0,-0.16393,-0.27316,0.31858,70.0
2022,3,7,0,-0.24894,-0.3571,0.4353,45.0
2022,3,8,0,-0.32052,-0.45927,0.56006,13.0
2022,3,9,0,-0.41267,-0.58149,0.71304,0.0
2022,3,10,0,-0.48736,-0.70294,0.85536,17.0
2022,3,11,0,-0.49254,-0.82657,0.96219,30.0
2022,3,12,0,-0.42394,-0.97546,1.0636,97.0
2022,3,13,0,-0.32193,-1.02148,1.07101,11.0
2022,3,14,0,-0.13069,-0.93609,0.94517,2.0
2022,3,15,0,0.09382,-0.7034,0.70963,30.0
2022,3,16,0,0.24794,-0.43298,0.49894,2.0
2022,3,17,0,0.23146,-0.1487,0.27511,1.0
2022,3,18,0,0.11382,0.14029,0.18066,0.0
2022,3,19,0,-0.00134,0.36071,0.36071,0.0
2022,3,20,0,-0.10586,0.51419,0.52498,0.0
2022,3,21,0,-0.26936,0.59521,0.65332,4.0
2022,3,22,0,-0.47441,0.54355,0.72146,0.0
2022,3,23,0,-0.71977,0.44134,0.8443,22.0
2022,3,24,0,-0.89299,0.29677,0.94101,11.0
2022,3,25,0,-1.05266,0.22296,1.07602,0.0
2022,3,26,0,-1.2239,0.16106,1.23445,0.0
2022,3,27,0,-1.39711,0.11631,1.40194,3.0
2022,3,28,0,-1.55763,0.04576,1.5583,41.0
2022,3,29,0,-1.64319,0.04122,1.64371,0.0
2022,3,30,0,-1.68894,0.04963,1.68967,0.0
2022,3,31,0,-1.62665,0.06073,1.62778,0.0
2022,4,1,0,-1.4477,0.12575,1.45315,27.0
2022,4,2,0,-1.30513,0.23722,1.32651,0.0
2022,4,3,0,-1.2142,0.3089,1.25288,1.0
2022,4,4,0,-1.04125,0.30575,1.08521,6.0
2022,4,5,0,-0.79576,0.26315,0.83814,26.0
2022,4,6,0,-0.59436,0.1973,0.62625,0.0
2022,4,7,0,-0.47878,0.10854,0.49093,3.0
2022,4,8,0,-0.34259,0.00119,0.3426,3.0
2022,4,9,0,-0.16559,-0.08051,0.18412,0.0
2022,4,10,0,-0.04391,-0.3041,0.30726,22.0
2022,4,11,0,0.02955,-0.54299,0.54379,1.0
2022,4,12,0,0.08745,-0.79637,0.80116,34.0
2022,4,13,0,0.10393,-0.98039,0.98589,44.0
2022,4,14,0,0.13658,-1.06123,1.06998,0.0
2022,4,15,0,0.23296,-1.02641,1.05251,0.0
2022,4,16,0,0.28546,-0.98983,1.03016,0.0
2022,4,17,0,0.28374,-0.90792,0.95122,0.0
2022,4,18,0,0.25146,-0.78387,0.82321,6.0
2022,4,19,0,0.28537,-0.60456,0.66853,1.0
2022,4,20,0,0.35596,-0.54019,0.64692,99.0
2022,4,21,0,0.47282,-0.45773,0.65808,92.0
2022,4,22,0,0.61491,-0.35239,0.70873,17.0
2022,4,23,0,0.69062,-0.31184,0.75776,0.0
2022,4,24,0,0.69107,-0.23677,0.73051,3.0
2022,4,25,0,0.73931,-0.16865,0.75831,9.0
2022,4,26,0,0.88763,-0.08942,0.89212,31.0
2022,4,27,0,1.05169,-0.09996,1.05643,2.0
2022,4,28,0,1.17404,-0.1204,1.1802,2.0
2022,4,29,0,1.32547,-0.06858,1.32724,0.0
2022,4,30,0,1.47186,-0.0046,1.47187,0.0
2022,5,1,0,1.60296,0.02615,1.60317,0.0
2022,5,2,0,1.72345,0.07879,1.72525,0.0
2022,5,3,0,1.86282,0.10223,1.86562,0.0
2022,5,4,0,1.97115,0.1731,1.97873,0.0
2022,5,5,0,2.01844,0.24703,2.0335,4.0
2022,5,6,0,1.96569,0.35124,1.99683,0.0
2022,5,7,0,1.83111,0.36851,1.86783,0.0
2022,5,8,0,1.59344,0.31176,1.62365,0.0
2022,5,9,0,1.33284,0.24109,1.35447,0.0
2022,5,10,0,1.05449,0.18932,1.07135,94.0
2022,5,11,0,0.72768,0.12276,0.73796,1.0
2022,5,12,0,0.45331,-0.00935,0.45341,8.0
2022,5,13,0,0.20675,-0.19086,0.28138,0.0
2022,5,14,0,-0.06536,-0.31503,0.32174,7.0
2022,5,15,0,-0.31776,-0.40886,0.51781,0.0
2022,5,16,0,-0.50918,-0.48021,0.6999,3.0
2022,5,17,0,-0.60138,-0.4768,0.76746,63.0
2022,5,18,0,-0.68879,-0.41228,0.80275,5.0
2022,5,19,0,-0.73657,-0.36606,0.82252,0.0
2022,5,20,0,-0.72004,-0.30642,0.78253,42.0
2022,5,21,0,-0.78174,-0.13126,0.79268,1.0
2022,5,22,0,-0.84939,0.01001,0.84945,3.0
2022,5,23,0,-0.87423,0.07055,0.87707,0.0
2022,5,24,0,-0.84042,0.11406,0.84813,1.0
2022,5,25,0,-0.80815,0.18791,0.82971,8.0
2022,5,26,0,-0.76616,0.24038,0.80299,0.0
2022,5,27,0,-0.71417,0.15615,0.73104,0.0
2022,5,28,0,-0.70692,0.04203,0.70817,0.0
2022,5,29,0,-0.74523,-0.02284,0.74558,0.0
2022,5,30,0,-0.70156,-0.20908,0.73205,2.0
2022,5,31,0,-0.61088,-0.38651,0.72289,0.0
2022,6,1,0,-0.54356,-0.50766,0.74375,0.0
2022,6,2,0,-0.4587,-0.61301,0.76562,0.0
2022,6,3,0,-0.31271,-0.67012,0.73949,14.0
2022,6,4,0,-0.1695,-0.75661,0.77536,1.0
2022,6,5,0,-0.04442,-0.76412,0.76541,0.0
2022,6,6,0,0.0516,-0.66142,0.66343,7.0
2022,6,7,0,0.32014,-0.59923,0.67939,32.0
2022,6,8,0,0.5665,-0.5982,0.82387,0.0
2022,6,9,0,0.69611,-0.6227,0.93398,6.0
2022,6,10,0,0.80485,-0.63542,1.02544,0.0
2022,6,11,0,0.9278,-0.6135,1.1123,1.0
2022,6,12,0,1.06793,-0.68394,1.26816,0.0
2022,6,13,0,1.1357,-0.75955,1.36628,4.0
2022,6,14,0,1.12777,-0.80059,1.38304,0.0
2022,6,15,0,1.16862,-0.90853,1.48024,12.0
2022,6,16,0,1.0354,-0.93185,1.39298,1.0
2022,6,17,0,0.85031,-0.80141,1.16846,2.0
2022,6,18,0,0.81367,-0.61543,1.0202,2.0
2022,6,19,0,0.87119,-0.49353,1.00127,0.0
2022,6,20,0,0.8907,-0.441,0.9939,0.0
2022,6,21,0,0.81551,-0.22862,0.84695,20.0
2022,6,22,0,0.76871,0.00621,0.76873,0.0
2022,6,23,0,0.74028,0.12584,0.7509,1.0
2022,6,24,0,0.68315,0.23609,0.72279,0.0
2022,6,25,0,0.64852,0.32319,0.72459,2.0
2022,6,26,0,0.60494,0.38443,0.71676,0.0
2022,6,27,0,0.42607,0.38686,0.5755,3.0
2022,6,28,0,0.1629,0.44762,0.47634,0.0
2022,6,29,0,0.00714,0.58829,0.58834,0.0
2022,6,30,0,-0.07712,0.66814,0.67258,0.0
2022,7,1,0,-0.18825,0.74872,0.77203,0.0
2022,7,2,0,-0.38846,0.8572,0.94111,0.0
2022,7,3,0,-0.63559,0.99542,1.18104,3.0
2022,7,4,0,-0.81456,1.12139,1.38601,1.0
2022,7,5,0,-0.89104,1.17312,1.47314,0.0
2022,7,6,0,-0.85358,1.27442,1.53386,0.0
2022,7,7,0,-0.79407,1.38031,1.59242,34.0
2022,7,8,0,-0.86125,1.41813,1.65917,0.0
2022,7,9,0,-0.93166,1.35702,1.64605,0.0
2022,7,10,0,-0.9339,1.3399,1.63325,0.0
2022,7,11,0,-0.87588,1.28052,1.55142,0.0
2022,7,12,0,-0.79143,1.18261,1.423,0.0
2022,7,13,0,-0.69693,1.05333,1.26302,20.0
2022,7,14,0,-0.63131,0.89694,1.09684,16.0
2022,7,15,0,-0.56613,0.72094,0.91666,1.0
2022,7,16,0,-0.48042,0.49126,0.68712,20.0
2022,7,17,0,-0.41541,0.24997,0.48482,44.0
2022,7,18,0,-0.27857,0.02773,0.27995,0.0
2022,7,19,0,-0.16598,-0.20659,0.265,4.0
2022,7,20,0,0.03768,-0.40551,0.40726,0.0
2022,7,21,0,0.30247,-0.62122,0.69094,0.0
2022,7,22,0,0.53937,-0.77081,0.94078,0.0
2022,7,23,0,0.72889,-0.86583,1.13179,0.0
2022,7,24,0,0.76393,-0.87815,1.16393,21.0
2022,7,25,0,0.79769,-0.90963,1.20985,2.0
2022,7,26,0,0.90884,-0.866,1.25537,0.0
2022,7,27,0,0.91428,-0.72284,1.16551,0.0
2022,7,28,0,0.90641,-0.54338,1.05681,0.0
2022,7,29,0,0.86495,-0.32137,0.92272,0.0
2022,7,30,0,0.75785,-0.07684,0.76174,0.0
2022,7,31,0,0.57528,0.13837,0.59169,0.0
2022,8,1,0,0.38375,0.37884,0.53924,0.0
2022,8,2,0,0.21792,0.55926,0.60022,0.0
2022,8,3,0,-0.08173,0.65889,0.66394,0.0
2022,8,4,0,-0.31969,0.67516,0.74702,0.0
2022,8,5,0,-0.41766,0.57384,0.70974,0.0
2022,8,6,0,-0.53272,0.37401,0.6509,0.0
2022,8,7,0,-0.62548,0.15339,0.64401,0.0
2022,8,8,0,-0.68163,-0.05872,0.68415,0.0
2022,8,9,0,-0.69686,-0.27194,0.74804,0.0
2022,8,10,0,-0.72597,-0.44396,0.85096,0.0
2022,8,11,0,-0.62364,-0.54103,0.82561,0.0
2022,8,12,0,-0.40983,-0.57829,0.70879,0.0
2022,8,13,0,-0.3054,-0.68051,0.7459,0.0
2022,8,14,0,-0.32214,-0.72278,0.79132,21.0
2022,8,15,0,-0.29198,-0.68748,0.74691,0.0
2022,8,16,0,-0.20386,-0.61821,0.65095,2.0
2022,8,17,0,-0.1127,-0.55723,0.56851,0.0
2022,8,18,0,-0.03001,-0.47621,0.47716,0.0
2022,8,19,0,0.13402,-0.40557,0.42714,0.0
2022,8,20,0,0.23868,-0.34382,0.41855,0.0
2022,8,21,0,0.37754,-0.24966,0.45263,0.0
2022,8,22,0,0.58381,-0.08279,0.58965,0.0
2022,8,23,0,0.88991,0.1176,0.89765,0.0
2022,8,24,0,1.16485,0.21883,1.18523,0.0
2022,8,25,0,1.27671,0.25854,1.30263,0.0
2022,8,26,0,1.41583,0.30226,1.44773,0.0
2022,8,27,0,1.4748,0.29504,1.50402,0.0
2022,8,28,0,1.46811,0.23704,1.48712,0.0
2022,8,29,0,1.3864,0.16341,1.39599,0.0
2022,8,30,0,1.27485,0.12215,1.28069,0.0
2022,8,31,0,1.15916,0.15759,1.16982,0.0
2022,9,1,0,0.94914,0.17922,0.96591,0.0
2022,9,2,0,0.67385,0.34271,0.756,0.0
2022,9,3,0,0.44681,0.4814,0.6568,0.0
2022,9,4,0,0.19912,0.57767,0.61103,28.0
2022,9,5,0,0.0765,0.61458,0.61933,0.0
2022,9,6,0,-0.05285,0.66292,0.66502,0.0
2022,9,7,0,-0.08513,0.68925,0.69449,3.0
2022,9,8,0,-0.13427,0.54762,0.56384,2.0
2022,9,9,0,-0.20708,0.31664,0.37834,5.0
2022,9,10,0,-0.4173,0.04267,0.41948,0.0
2022,9,11,0,-0.56836,-0.21828,0.60884,0.0
2022,9,12,0,-0.55533,-0.41961,0.69604,0.0
2022,9,13,0,-0.55373,-0.57425,0.79773,0.0
2022,9,14,0,-0.57758,-0.63025,0.85487,0.0
2022,9,15,0,-0.60146,-0.67919,0.90722,0.0
2022,9,16,0,-0.64748,-0.69967,0.9533,0.0
2022,9,17,0,-0.72614,-0.62283,0.95666,0.0
2022,9,18,0,-0.88766,-0.52222,1.02988,0.0
2022,9,19,0,-0.90047,-0.35506,0.96794,0.0
2022,9,20,0,-0.8121,-0.25378,0.85083,0.0
2022,9,21,0,-0.84009,-0.20912,0.86573,0.0
2022,9,22,0,-0.88841,-0.10167,0.89421,0.0
2022,9,23,0,-0.90132,-0.01611,0.90146,0.0
2022,9,24,0,-0.88588,0.08972,0.89041,0.0
2022,9,25,0,-0.86302,0.21963,0.89053,0.0
2022,9,26,0,-0.78935,0.34383,0.86098,0.0
2022,9,27,0,-0.64464,0.43834,0.77955,0.0
2022,9,28,0,-0.43204,0.51895,0.67525,0.0
2022,9,29,0,-0.32873,0.61907,0.70094,0.0
2022,9,30,0,-0.23651,0.76841,0.80399,0.0
2022,10,1,0,-0.08241,0.8386,0.84264,0.0
2022,10,2,0,-0.028,0.87769,0.87814,0.0
2022,10,3,0,0.05469,0.86426,0.86599,1.0
2022,10,4,0,0.09015,0.75272,0.7581,68.0
2022,10,5,0,0.04761,0.65577,0.6575,11.0
2022,10,6,0,0.02022,0.60435,0.60468,0.0
2022,10,7,0,-0.07387,0.53189,0.53699,0.0
2022,10,8,0,-0.1963,0.45361,0.49427,9.0
2022,10,9,0,-0.3026,0.33977,0.45498,17.0
2022,10,10,0,-0.45123,0.16179,0.47936,5.0
2022,10,11,0,-0.45936,-0.02134,0.45985,12.0
2022,10,12,0,-0.53571,-0.13307,0.55199,10.0
2022,10,13,0,-0.55646,-0.14678,0.57549,0.0
2022,10,14,0,-0.51001,-0.10005,0.51973,0.0
2022,10,15,0,-0.45325,-0.06262,0.45755,0.0
2022,10,16,0,-0.43842,-0.03222,0.4396,1.0
2022,10,17,0,-0.36402,0.02337,0.36477,0.0
2022,10,18,0,-0.28992,0.06,0.29606,0.0
2022,10,19,0,-0.20732,0.11484,0.23701,0.0
2022,10,20,0,-0.1413,0.15563,0.21021,33.0
2022,10,21,0,-0.05693,0.09754,0.11294,0.0
2022,10,22,0,-0.06429,0.0534,0.08358,0.0
2022,10,23,0,-0.20951,-0.01524,0.21007,12.0
2022,10,24,0,-0.3355,-0.08186,0.34535,17.0
2022,10,25,0,-0.32923,-0.15576,0.36422,13.0
2022,10,26,0,-0.2946,-0.17615,0.34325,121.0
2022,10,27,0,-0.23126,-0.19017,0.29941,6.0
2022,10,28,0,-0.09646,-0.24844,0.26651,22.0
2022,10,29,0,0.03141,-0.28572,0.28744,6.0
2022,10,30,0,0.08786,-0.29587,0.30864,0.0
2022,10,31,0,0.20754,-0.27161,0.34182,0.0
2022,11,1,0,0.44236,-0.23286,0.4999,0.0
2022,11,2,0,0.60871,-0.16889,0.63171,33.0
2022,11,3,0,0.65037,-0.08447,0.65583,8.0
2022,11,4,0,0.67543,-0.04795,0.67713,0.0
2022,11,5,0,0.65517,0.02398,0.65561,47.0
2022,11,6,0,0.55729,0.16208,0.58038,0.0
2022,11,7,0,0.48792,0.28438,0.56474,1.0
2022,11,8,0,0.55091,0.45266,0.71302,0.0
2022,11,9,0,0.65914,0.59262,0.88638,1.0
2022,11,10,0,0.705,0.7435,1.0246,47.0
2022,11,11,0,0.74541,0.73761,1.04867,47.0
2022,11,12,0,0.77437,0.7473,1.07615,1.0
2022,11,13,0,0.67863,0.76481,1.02248,0.0
2022,11,14,0,0.57062,0.81649,0.99613,0.0
2022,11,15,0,0.50065,0.83324,0.97208,0.0
2022,11,16,0,0.32917,0.81807,0.88182,5.0
2022,11,17,0,0.10482,0.74611,0.75343,1.0
2022,11,18,0,-0.21719,0.62962,0.66603,7.0
2022,11,19,0,-0.48989,0.42878,0.65103,9.0
2022,11,20,0,-0.64642,0.13535,0.66044,0.0
2022,11,21,0,-0.71257,-0.18803,0.73696,0.0
2022,11,22,0,-0.58879,-0.52695,0.79016,2.0
2022,11,23,0,-0.40708,-0.87673,0.96663,39.0
2022,11,24,0,-0.25974,-1.2243,1.25155,5.0
2022,11,25,0,-0.14677,-1.37815,1.38595,14.0
2022,11,26,0,-0.10147,-1.41409,1.41773,0.0
2022,11,27,0,-0.10881,-1.35276,1.35713,19.0
2022,11,28,0,-0.09936,-1.31037,1.31414,32.0
2022,11,29,0,-0.08898,-1.2074,1.21067,12.0
2022,11,30,0,-0.0181,-1.104,1.10415,46.0
2022,12,1,0,0.06037,-0.94626,0.94819,1.0
2022,12,2,0,0.20426,-0.76125,0.78818,28.0
2022,12,3,0,0.36924,-0.55406,0.66582,1.0
2022,12,4,0,0.51507,-0.44367,0.67981,0.0
2022,12,5,0,0.60344,-0.40891,0.72894,0.0
2022,12,6,0,0.69832,-0.38403,0.79695,3.0
2022,12,7,0,0.80901,-0.35183,0.8822,4.0
2022,12,8,0,0.93171,-0.31562,0.98372,0.0
2022,12,9,0,0.96837,-0.27265,1.00602,22.0
2022,12,10,0,0.97293,-0.23059,0.99988,7.0
2022,12,11,0,0.90258,-0.18899,0.92216,1.0
2022,12,12,0,0.82292,-0.1503,0.83653,19.0
2022,12,13,0,0.74709,-0.12207,0.75699,0.0
2022,12,14,0,0.68907,-0.05618,0.69135,0.0
2022,12,15,0,0.5946,-0.09318,0.60186,0.0
2022,12,16,0,0.43429,-0.06173,0.43866,34.0
2022,12,17,0,0.23778,-0.03243,0.23998,18.0
2022,12,18,0,0.08999,-0.01011,0.09055,33.0
2022,12,19,0,0.0085,0.05786,0.05848,8.0
2022,12,20,0,-0.06531,0.17378,0.18565,12.0
2022,12,21,0,-0.19191,0.35938,0.40741,8.0
2022,12,22,0,-0.40179,0.55829,0.68784,8.0
2022,12,23,0,-0.58755,0.76158,0.96189,0.0
2022,12,24,0,-0.76437,0.95263,1.22138,0.0
2022,12,25,0,-0.92945,1.04221,1.39645,4.0
2022,12,26,0,-1.05585,1.10105,1.52549,1.0
2022,12,27,0,-1.16205,1.16362,1.6445,5.0
2022,12,28,0,-1.29481,1.18451,1.75488,0.0
2022,12,29,0,-1.45293,1.16741,1.86382,1.0
2022,12,30,0,-1.56748,1.0791,1.90301,4.0
2022,12,31,0,-1.58733,0.98055,1.86577,7.0
2023,1,1,0,-1.62658,0.75008,1.7912,26.0
2023,1,2,0,-1.65027,0.55434,1.74088,0.0
2023,1,3,0,-1.5962,0.38384,1.6417,0.0
2023,1,4,0,-1.54422,0.17923,1.55459,0.0
2023,1,5,0,-1.49416,-0.0607,1.49539,0.0
2023,1,6,0,-1.45491,-0.33245,1.49241,0.0
2023,1,7,0,-1.27365,-0.55769,1.39039,21.0
2023,1,8,0,-1.0787,-0.75111,1.31444,8.0
2023,1,9,0,-0.84016,-0.93384,1.25615,6.0
2023,1,10,0,-0.57943,-1.09771,1.24125,3.0
2023,1,11,0,-0.27366,-1.24303,1.2728,1.0
2023,1,12,0,-0.11173,-1.34234,1.34698,23.0
2023,1,13,0,-0.01693,-1.37568,1.37578,0.0
2023,1,14,0,0.03792,-1.25894,1.25951,18.0
2023,1,15,0,0.10761,-1.05486,1.06033,1.0
2023,1,16,0,0.11427,-0.84991,0.85755,36.0
2023,1,17,0,0.17468,-0.6778,0.69994,1.0
2023,1,18,0,0.18885,-0.49232,0.5273,0.0
2023,1,19,0,0.22431,-0.28314,0.36122,1.0
2023,1,20,0,0.26431,-0.02574,0.26556,0.0
2023,1,21,0,0.4098,0.21014,0.46054,27.0
2023,1,22,0,0.62461,0.40331,0.7435,18.0
2023,1,23,0,0.85841,0.46417,0.97587,84.0
2023,1,24,0,1.09245,0.5329,1.21549,4.0
2023,1,25,0,1.26732,0.57909,1.39336,7.0
2023,1,26,0,1.34795,0.60008,1.47549,10.0
2023,1,27,0,1.43521,0.58381,1.54941,3.0
2023,1,28,0,1.4588,0.57495,1.56801,2.0
2023,1,29,0,1.4379,0.57781,1.54965,8.0
2023,1,30,0,1.34219,0.5899,1.4661,1.0
2023,1,31,0,1.18666,0.59834,1.32897,0.0
2023,2,1,0,0.99081,0.64002,1.17954,1.0
2023,2,2,0,0.77799,0.6453,1.01078,3.0
2023,2,3,0,0.55162,0.70092,0.89194,31.0
2023,2,4,0,0.34761,0.82284,0.89325,1.0
2023,2,5,0,0.14268,0.96601,0.97649,0.0
2023,2,6,0,-0.0554,1.10382,1.10521,9.0
2023,2,7,0,-0.32062,1.16954,1.21269,0.0
2023,2,8,0,-0.55822,1.18397,1.30897,1.0
2023,2,9,0,-0.76664,1.22991,1.44928,0.0
2023,2,10,0,-0.90862,1.23132,1.53027,0.0
2023,2,11,0,-0.98546,1.17363,1.53249,9.0
2023,2,12,0,-1.06744,1.03343,1.48574,17.0
2023,2,13,0,-1.14943,0.84433,1.42622,5.0
2023,2,14,0,-1.19971,0.5598,1.32389,9.0
2023,2,15,0,-1.1998,0.27003,1.22981,0.0
2023,2,16,0,-1.13611,-0.01932,1.13627,85.0
2023,2,17,0,-1.05798,-0.24385,1.08572,30.0
2023,2,18,0,-0.97427,-0.46442,1.0793,0.0
2023,2,19,0,-0.95707,-0.61794,1.13922,29.0
2023,2,20,0,-0.99108,-0.67877,1.20123,102.0
2023,2,21,0,-0.92094,-0.73599,1.1789,6.0
2023,2,22,0,-0.76306,-0.7534,1.07233,0.0
2023,2,23,0,-0.67608,-0.65704,0.94275,1.0
2023,2,24,0,-0.7168,-0.5586,0.90875,13.0
2023,2,25,0,-0.81006,-0.41702,0.9111,8.0
2023,2,26,0,-0.93826,-0.3192,0.99107,1.0
2023,2,27,0,-1.06004,-0.21693,1.08201,23.0
2023,2,28,0,-1.15458,-0.19393,1.17075,15.0
2023,3,1,0,-1.24931,-0.22543,1.26949,10.0
2023,3,2,0,-1.40432,-0.37421,1.45332,7.0
2023,3,3,0,-1.57884,-0.63209,1.70067,1.0
2023,3,4,0,-1.69163,-1.00719,1.96877,0.0
2023,3,5,0,-1.68771,-1.43335,2.21424,0.0
2023,3,6,0,-1.67113,-1.90272,2.53239,0.0
2023,3,7,0,-1.64173,-2.3521,2.86839,68.0
2023,3,8,0,-1.61842,-2.73857,3.18105,55.0
2023,3,9,0,-1.51461,-3.01514,3.37418,0.0
2023,3,10,0,-1.26936,-3.21908,3.46031,1.0
2023,3,11,0,-0.96973,-3.31975,3.45848,4.0
2023,3,12,0,-0.61184,-3.32132,3.37721,24.0
2023,3,13,0,-0.08668,-3.23208,3.23324,27.0
2023,3,14,0,0.51776,-3.07568,3.11895,2.0
2023,3,15,0,1.17174,-2.78844,3.02463,2.0
2023,3,16,0,1.78955,-2.32038,2.9303,20.0
2023,3,17,0,2.23603,-1.86809,2.91369,0.0
2023,3,18,0,2.50809,-1.51459,2.92994,6.0
2023,3,19,0,2.63498,-1.30835,2.94192,36.0
2023,3,20,0,2.72235,-1.1316,2.94817,0.0
2023,3,21,0,2.78433,-0.97567,2.95032,82.0
2023,3,22,0,2.74461,-0.86072,2.87641,0.0
2023,3,23,0,2.59165,-0.67647,2.67848,0.0
2023,3,24,0,2.41833,-0.42168,2.45481,0.0
2023,3,25,0,2.11617,-0.2381,2.12952,0.0
2023,3,26,0,1.81865,-0.04842,1.81929,17.0
2023,3,27,0,1.51505,0.13766,1.52129,30.0
2023,3,28,0,1.21949,0.39312,1.28129,5.0
2023,3,29,0,0.99564,0.61796,1.17183,0.0
2023,3,30,0,0.80288,0.80325,1.13571,0.0
2023,3,31,0,0.59492,0.99165,1.15642,7.0
2023,4,1,0,0.41479,1.1113,1.18618,24.0
2023,4,2,0,0.18802,1.12583,1.14142,1.0
2023,4,3,0,-0.0145,1.17918,1.17927,42.0
2023,4,4,0,-0.26914,1.19806,1.22792,0.0
2023,4,5,0,-0.53095,1.16667,1.28181,0.0
2023,4,6,0,-0.78855,0.9852,1.26192,14.0
2023,4,7,0,-1.01614,0.73183,1.25225,0.0
2023,4,8,0,-1.20638,0.54492,1.32375,0.0
2023,4,9,0,-1.27803,0.37235,1.33117,33.0
2023,4,10,0,-1.28307,0.21619,1.30116,69.0
2023,4,11,0,-1.33843,0.12325,1.34409,0.0
2023,4,12,0,-1.38767,0.00849,1.3877,0.0
2023,4,13,0,-1.43414,-0.14573,1.44153,45.0
2023,4,14,0,-1.41732,-0.30919,1.45065,0.0
2023,4,15,0,-1.33393,-0.4238,1.39963,46.0
2023,4,16,0,-1.23975,-0.54462,1.3541,100.0
2023,4,17,0,-1.21194,-0.71867,1.409,3.0
2023,4,18,0,-1.13054,-0.84944,1.4141,1.0
2023,4,19,0,-1.07506,-0.94627,1.4322,3.0
2023,4,20,0,-0.8434,-1.03227,1.333,11.0
2023,4,21,0,-0.49328,-1.12261,1.22621,19.0
2023,4,22,0,-0.1405,-1.14498,1.15357,0.0
2023,4,23,0,0.23755,-1.03896,1.06577,0.0
2023,4,24,0,0.51742,-0.88173,1.02234,0.0
2023,4,25,0,0.71068,-0.64491,0.95967,0.0
2023,4,26,0,0.9117,-0.41565,1.00198,0.0
2023,4,27,0,1.07066,-0.19906,1.089,9.0
2023,4,28,0,1.24958,0.01006,1.24962,0.0
2023,4,29,0,1.31796,0.1811,1.33034,0.0
2023,4,30,0,1.36217,0.34065,1.40412,0.0
2023,5,1,0,1.37605,0.52275,1.472,0.0
2023,5,2,0,1.36657,0.62311,1.50193,1.0
2023,5,3,0,1.34801,0.74851,1.54188,5.0
2023,5,4,0,1.28829,0.88982,1.56572,3.0
2023,5,5,0,1.25936,1.01444,1.61712,0.0
2023,5,6,0,1.12608,1.1208,1.58879,0.0
2023,5,7,0,0.95388,1.18124,1.51829,0.0
2023,5,8,0,0.81243,1.18954,1.4405,23.0
2023,5,9,0,0.58573,1.13848,1.28032,0.0
2023,5,10,0,0.36265,0.96681,1.03258,2.0
2023,5,11,0,0.08704,0.74384,0.74891,2.0
2023,5,12,0,-0.20755,0.56484,0.60176,0.0
2023,5,13,0,-0.44846,0.38273,0.58957,0.0
2023,5,14,0,-0.71645,0.27156,0.76619,2.0
2023,5,15,0,-0.93646,0.13496,0.94614,0.0
2023,5,16,0,-1.13916,-0.01985,1.13934,0.0
2023,5,17,0,-1.37524,-0.11977,1.38044,0.0
2023,5,18,0,-1.64004,-0.1457,1.6465,0.0
2023,5,19,0,-1.91557,-0.08861,1.91762,0.0
2023,5,20,0,-2.1922,0.00604,2.19221,0.0
2023,5,21,0,-2.32686,0.04956,2.32739,0.0
2023,5,22,0,-2.35873,0.02719,2.35888,0.0
2023,5,23,0,-2.29966,-0.10772,2.30218,0.0
2023,5,24,0,-2.29917,-0.21758,2.30944,0.0
2023,5,25,0,-2.32689,-0.31412,2.348,0.0
2023,5,26,0,-2.31729,-0.41259,2.35374,0.0
2023,5,27,0,-2.13897,-0.53699,2.20535,0.0
2023,5,28,0,-1.84922,-0.57697,1.93714,0.0
2023,5,29,0,-1.53401,-0.59059,1.64377,0.0
2023,5,30,0,-1.19122,-0.57378,1.32221,0.0
2023,5,31,0,-0.88984,-0.5326,1.03705,0.0
2023,6,1,0,-0.63543,-0.44259,0.77438,0.0
2023,6,2,0,-0.33189,-0.3531,0.48459,0.0
2023,6,3,0,-0.02618,-0.22183,0.22337,0.0
2023,6,4,0,0.23809,-0.07379,0.24926,0.0
2023,6,5,0,0.37606,0.08856,0.38634,0.0
2023,6,6,0,0.3923,0.13133,0.4137,0.0
2023,6,7,0,0.38253,0.15445,0.41253,0.0
2023,6,8,0,0.30372,0.14675,0.33731,0.0
2023,6,9,0,0.25667,0.16571,0.30551,0.0
2023,6,10,0,0.29644,0.24956,0.3875,0.0
2023,6,11,0,0.30498,0.31077,0.43542,0.0
2023,6,12,0,0.25926,0.35701,0.44122,0.0
2023,6,13,0,0.2412,0.45073,0.51121,0.0
2023,6,14,0,0.2579,0.51521,0.57615,0.0
2023,6,15,0,0.3296,0.49742,0.5967,0.0
2023,6,16,0,0.35822,0.45896,0.58221,0.0
2023,6,17,0,0.39797,0.42758,0.58412,45.0
2023,6,18,0,0.42243,0.36438,0.55787,22.0
2023,6,19,0,0.39199,0.23269,0.45585,0.0
2023,6,20,0,0.35512,0.17912,0.39773,4.0
2023,6,21,0,0.38306,0.14995,0.41137,0.0
2023,6,22,0,0.40252,0.03644,0.40417,0.0
2023,6,23,0,0.40878,-0.07853,0.41626,0.0
2023,6,24,0,0.33341,-0.10586,0.34981,0.0
2023,6,25,0,0.34333,-0.05685,0.348,0.0
2023,6,26,0,0.41155,-0.0617,0.41615,1.0
2023,6,27,0,0.51347,-0.00497,0.51349,0.0
2023,6,28,0,0.58979,0.07954,0.59513,0.0
2023,6,29,0,0.67328,0.19929,0.70216,0.0
2023,6,30,0,0.79722,0.29561,0.85026,0.0
2023,7,1,0,0.92379,0.40804,1.00989,0.0
2023,7,2,0,0.92394,0.52677,1.06356,0.0
2023,7,3,0,0.98901,0.61235,1.16323,0.0
2023,7,4,0,0.99515,0.62588,1.1756,0.0
2023,7,5,0,0.87464,0.67991,1.10782,0.0
2023,7,6,0,0.80203,0.68923,1.05749,2.0
2023,7,7,0,0.7363,0.67531,0.99909,31.0
2023,7,8,0,0.65465,0.57622,0.87212,0.0
2023,7,9,0,0.45033,0.4653,0.64754,0.0
2023,7,10,0,0.19587,0.37476,0.42286,0.0
2023,7,11,0,0.0018,0.32809,0.32809,0.0
2023,7,12,0,-0.24371,0.37192,0.44465,0.0
2023,7,13,0,-0.39316,0.38981,0.55365,0.0
2023,7,14,0,-0.39112,0.39108,0.5531,0.0
2023,7,15,0,-0.47618,0.37446,0.60578,0.0
2023,7,16,0,-0.58826,0.37156,0.69578,0.0
2023,7,17,0,-0.69054,0.40249,0.79928,0.0
2023,7,18,0,-0.76431,0.44879,0.88633,0.0
2023,7,19,0,-0.82068,0.51587,0.96935,0.0
2023,7,20,0,-0.863,0.52924,1.01235,0.0
2023,7,21,0,-0.86292,0.47812,0.98653,0.0
2023,7,22,0,-0.90385,0.42195,0.99749,0.0
2023,7,23,0,-1.04955,0.2584,1.0809,0.0
2023,7,24,0,-1.14876,0.06757,1.15075,0.0
2023,7,25,0,-1.16581,-0.11305,1.17128,0.0
2023,7,26,0,-1.12185,-0.26317,1.15231,0.0
2023,7,27,0,-1.04605,-0.45149,1.13933,0.0
2023,7,28,0,-0.91893,-0.68616,1.14684,0.0
2023,7,29,0,-0.71262,-0.89259,1.14216,0.0
2023,7,30,0,-0.46723,-1.07995,1.17669,0.0
2023,7,31,0,-0.23571,-1.23034,1.25272,0.0
2023,8,1,0,0.04597,-1.30008,1.30089,0.0
2023,8,2,0,0.2621,-1.34688,1.37215,0.0
2023,8,3,0,0.3767,-1.35082,1.40236,0.0
2023,8,4,0,0.47878,-1.32928,1.41287,0.0
2023,8,5,0,0.61181,-1.28942,1.42721,0.0
2023,8,6,0,0.71982,-1.2364,1.43067,0.0
2023,8,7,0,0.77222,-1.21392,1.43873,0.0
2023,8,8,0,0.71638,-1.13275,1.34027,0.0
2023,8,9,0,0.6495,-0.99656,1.18953,0.0
2023,8,10,0,0.54907,-0.83725,1.00123,0.0
2023,8,11,0,0.47077,-0.683,0.82953,0.0
2023,8,12,0,0.44171,-0.53948,0.69724,0.0
2023,8,13,0,0.42812,-0.45205,0.62261,0.0
2023,8,14,0,0.39641,-0.32942,0.51542,0.0
2023,8,15,0,0.3592,-0.24182,0.43302,0.0
2023,8,16,0,0.32517,-0.16028,0.36252,0.0
2023,8,17,0,0.34296,-0.09737,0.35651,0.0
2023,8,18,0,0.37487,-0.10458,0.38918,0.0
2023,8,19,0,0.3796,-0.15117,0.40859,0.0
2023,8,20,0,0.34386,-0.20769,0.40171,0.0
2023,8,21,0,0.31902,-0.27934,0.42404,0.0
2023,8,22,0,0.21601,-0.39592,0.45101,0.0
2023,8,23,0,0.07961,-0.49073,0.49714,0.0
2023,8,24,0,-0.0653,-0.48266,0.48706,0.0
2023,8,25,0,-0.19026,-0.39033,0.43423,0.0
2023,8,26,0,-0.18817,-0.35028,0.39763,0.0
2023,8,27,0,-0.16515,-0.29378,0.33701,0.0
2023,8,28,0,-0.16234,-0.21796,0.27178,0.0
2023,8,29,0,-0.15447,-0.05137,0.16279,0.0
2023,8,30,0,-0.12459,0.14514,0.19128,0.0
2023,8,31,0,0.0144,0.392,0.39227,0.0
2023,9,1,0,0.13802,0.52069,0.53868,0.0
2023,9,2,0,0.26629,0.59463,0.65153,0.0
2023,9,3,0,0.35066,0.60257,0.69718,0.0
2023,9,4,0,0.28119,0.6807,0.73649,0.0
2023,9,5,0,0.19187,0.82323,0.8453,0.0
2023,9,6,0,0.0781,0.99387,0.99693,0.0
2023,9,7,0,0.02959,1.06963,1.07004,0.0
2023,9,8,0,-0.08838,1.05492,1.05861,0.0
2023,9,9,0,-0.23985,0.9694,0.99863,0.0
2023,9,10,0,-0.36217,1.0016,1.06507,0.0
2023,9,11,0,-0.49047,1.02173,1.13335,0.0
2023,9,12,0,-0.58554,1.01419,1.17109,0.0
2023,9,13,0,-0.63294,0.95574,1.14632,0.0
2023,9,14,0,-0.67325,0.85364,1.08719,0.0
2023,9,15,0,-0.57921,0.7111,0.91714,0.0
2023,9,16,0,-0.52188,0.5777,0.77853,0.0
2023,9,17,0,-0.46428,0.47948,0.66742,0.0
2023,9,18,0,-0.41146,0.46182,0.61853,0.0
2023,9,19,0,-0.40242,0.40676,0.57219,0.0
2023,9,20,0,-0.37379,0.39811,0.54609,0.0
2023,9,21,0,-0.3691,0.38042,0.53005,0.0
2023,9,22,0,-0.39358,0.40219,0.56273,0.0
2023,9,23,0,-0.43354,0.42686,0.60841,0.0
2023,9,24,0,-0.5519,0.44296,0.70768,0.0
2023,9,25,0,-0.67413,0.44579,0.80819,0.0
2023,9,26,0,-0.72312,0.39793,0.82538,0.0
2023,9,27,0,-0.78385,0.29856,0.83879,0.0
2023,9,28,0,-0.74948,0.21183,0.77884,0.0
2023,9,29,0,-0.68182,0.07105,0.68551,0.0
2023,9,30,0,-0.61435,-0.10802,0.62377,0.0
2023,10,1,0,-0.54677,-0.35248,0.65054,0.0
2023,10,2,0,-0.53275,-0.58533,0.79148,0.0
2023,10,3,0,-0.52486,-0.77965,0.93986,0.0
2023,10,4,0,-0.51323,-0.99114,1.11614,0.0
2023,10,5,0,-0.50775,-1.17541,1.28038,0.0
2023,10,6,0,-0.43163,-1.29928,1.3691,0.0
2023,10,7,0,-0.28637,-1.39851,1.42753,0.0
2023,10,8,0,-0.13739,-1.44478,1.4513,0.0
2023,10,9,0,0.04941,-1.36353,1.36442,0.0
2023,10,10,0,0.2263,-1.18004,1.20154,0.0
2023,10,11,0,0.36191,-0.96668,1.0322,0.0
2023,10,12,0,0.49466,-0.76282,0.90917,0.0
2023,10,13,0,0.6273,-0.55395,0.83688,0.0
2023,10,14,0,0.76245,-0.38068,0.8522,0.0
2023,10,15,0,0.86803,-0.27647,0.91099,0.0
2023,10,16,0,0.87206,-0.25348,0.90815,0.0
2023,10,17,0,0.77688,-0.24069,0.81331,0.0
2023,10,18,0,0.69566,-0.23714,0.73497,0.0
2023,10,19,0,0.61429,-0.29441,0.68119,0.0
2023,10,20,0,0.54552,-0.36055,0.6539,0.0
2023,10,21,0,0.47689,-0.43948,0.64851,0.0
2023,10,22,0,0.43844,-0.47495,0.64638,0.0
2023,10,23,0,0.40298,-0.47476,0.62273,0.0
2023,10,24,0,0.39738,-0.45311,0.60268,0.0
2023,10,25,0,0.46632,-0.43625,0.63856,1.0
2023,10,26,0,0.56856,-0.47758,0.74252,0.0
2023,10,27,0,0.6426,-0.4982,0.81311,0.0
2023,10,28,0,0.70296,-0.46511,0.8429,0.0
2023,10,29,0,0.80656,-0.4618,0.92941,0.0
2023,10,30,0,0.89546,-0.39985,0.98068,0.0
2023,10,31,0,0.93087,-0.33109,0.988,0.0
2023,11,1,0,0.94221,-0.27181,0.98063,0.0
2023,11,2,0,0.85927,-0.23263,0.8902,0.0
2023,11,3,0,0.7157,-0.18203,0.73848,0.0
2023,11,4,0,0.56063,-0.07639,0.56581,0.0
2023,11,5,0,0.39117,-0.01129,0.39133,0.0
2023,11,6,0,0.22144,0.0003,0.22144,0.0
2023,11,7,0,0.04566,0.07954,0.09171,0.0
2023,11,8,0,-0.11476,0.1672,0.20279,0.0
2023,11,9,0,-0.26594,0.26534,0.37568,0.0
2023,11,10,0,-0.4044,0.36134,0.54231,0.0
2023,11,11,0,-0.48163,0.49521,0.6908,0.0
2023,11,12,0,-0.45245,0.60798,0.75786,3.0
2023,11,13,0,-0.30189,0.62359,0.69282,8.0
2023,11,14,0,-0.11911,0.6202,0.63153,0.0
2023,11,15,0,0.10202,0.56329,0.57245,0.0
2023,11,16,0,0.21968,0.37974,0.4387,0.0
2023,11,17,0,0.35055,0.25662,0.43444,0.0
2023,11,18,0,0.49105,0.19051,0.52671,14.0
2023,11,19,0,0.6154,0.24309,0.66167,0.0
2023,11,20,0,0.74755,0.34184,0.822,0.0
2023,11,21,0,0.74802,0.51097,0.90588,0.0
2023,11,22,0,0.68616,0.6754,0.96279,0.0
2023,11,23,0,0.64755,0.74263,0.9853,0.0
2023,11,24,0,0.63772,0.83158,1.04796,8.0
2023,11,25,0,0.63072,0.98521,1.16981,2.0
2023,11,26,0,0.5814,1.08807,1.23367,24.0
2023,11,27,0,0.52513,1.08401,1.20451,48.0
2023,11,28,0,0.44363,1.01613,1.10875,2.0
2023,11,29,0,0.36481,0.96402,1.03074,0.0
2023,11,30,0,0.31583,0.88356,0.93831,0.0
2023,12,1,0,0.21452,0.79095,0.81953,46.0
2023,12,2,0,0.11698,0.78433,0.79301,52.0
2023,12,3,0,0.01672,0.8282,0.82837,24.0
2023,12,4,0,-0.04706,0.8247,0.82604,1.0
2023,12,5,0,-0.09093,0.71477,0.72053,16.0
2023,12,6,0,-0.07438,0.62825,0.63264,14.0
2023,12,7,0,0.00089,0.49704,0.49704,0.0
2023,12,8,0,0.03486,0.37747,0.37908,0.0
2023,12,9,0,-0.02683,0.22788,0.22945,0.0
2023,12,10,0,-0.04944,0.11374,0.12402,0.0
2023,12,11,0,-0.06056,-0.04332,0.07446,9.0
2023,12,12,0,-0.05239,-0.18709,0.19429,5.0
2023,12,13,0,-0.01311,-0.28816,0.28846,0.0
2023,12,14,0,0.04544,-0.39477,0.39737,0.0
2023,12,15,0,0.05484,-0.49427,0.4973,22.0
2023,12,16,0,0.05383,-0.5463,0.54895,0.0
2023,12,17,0,0.11551,-0.61397,0.62474,15.0
2023,12,18,0,0.29566,-0.64593,0.71038,53.0
2023,12,19,0,0.47827,-0.64688,0.80449,4.0
2023,12,20,0,0.57481,-0.57924,0.81605,23.0
2023,12,21,0,0.65721,-0.56263,0.86514,16.0
2023,12,22,0,0.70749,-0.59627,0.92525,0.0
2023,12,23,0,0.78094,-0.58275,0.9744,0.0
2023,12,24,0,0.88037,-0.57522,1.05163,0.0
2023,12,25,0,0.9754,-0.53882,1.11433,0.0
2023,12,26,0,1.08284,-0.52338,1.20269,44.0
2023,12,27,0,1.16835,-0.45627,1.25428,27.0
2023,12,28,0,1.21025,-0.42484,1.28265,0.0
2023,12,29,0,1.32128,-0.39052,1.37778,0.0
2023,12,30,0,1.39545,-0.26573,1.42053,0.0
2023,12,31,0,1.45481,-0.12206,1.45992,3.0
2024,1,1,0,1.52484,0.00746,1.52486,5.0
2024,1,2,0,1.56886,0.25247,1.58905,18.0
2024,1,3,0,1.55954,0.50457,1.63913,36.0
2024,1,4,0,1.4514,0.79884,1.65671,0.0
2024,1,5,0,1.29643,1.06751,1.67937,4.0
2024,1,6,0,1.12644,1.24953,1.68232,1.0
2024,1,7,0,0.92548,1.41313,1.68921,13.0
2024,1,8,0,0.70306,1.52727,1.68132,26.0
2024,1,9,0,0.4302,1.6669,1.72152,7.0
2024,1,10,0,0.10232,1.85298,1.8558,0.0
2024,1,11,0,-0.2313,1.97336,1.98687,36.0
2024,1,12,0,-0.52736,2.08576,2.15139,14.0
2024,1,13,0,-0.75864,2.19427,2.32172,3.0
2024,1,14,0,-1.0048,2.25876,2.47217,36.0
2024,1,15,0,-1.17085,2.35983,2.63433,0.0
2024,1,16,0,-1.33971,2.3946,2.74389,0.0
2024,1,17,0,-1.45215,2.34939,2.76195,11.0
2024,1,18,0,-1.48149,2.26225,2.70418,0.0
2024,1,19,0,-1.4581,2.18304,2.6252,33.0
2024,1,20,0,-1.4242,2.07793,2.51916,0.0
2024,1,21,0,-1.45415,1.86857,2.36771,0.0
2024,1,22,0,-1.5353,1.571,2.19663,0.0
2024,1,23,0,-1.53823,1.24405,1.97834,8.0
2024,1,24,0,-1.51296,0.9273,1.77452,0.0
2024,1,25,0,-1.4921,0.60305,1.60935,5.0
2024,1,26,0,-1.47315,0.31385,1.50622,39.0
2024,1,27,0,-1.43624,0.05558,1.43731,5.0
2024,1,28,0,-1.33201,-0.06536,1.33361,1.0
2024,1,29,0,-1.31731,-0.40442,1.37799,1.0
2024,1,30,0,-1.22492,-0.67822,1.40015,2.0
2024,1,31,0,-1.10338,-0.93051,1.44336,5.0
2024,2,1,0,-1.00198,-1.0902,1.48071,60.0
2024,2,2,0,-0.99269,-1.10705,1.48694,61.0
2024,2,3,0,-0.9764,-1.06785,1.44695,2.0
2024,2,4,0,-0.95383,-1.07553,1.43755,12.0
2024,2,5,0,-0.85687,-1.15417,1.43747,12.0
2024,2,6,0,-0.84364,-1.3894,1.62547,7.0
2024,2,7,0,-0.78262,-1.39815,1.60228,1.0
2024,2,8,0,-0.71149,-1.40282,1.57293,0.0
2024,2,9,0,-0.6566,-1.37555,1.52422,1.0
2024,2,10,0,-0.58371,-1.37589,1.49459,1.0
2024,2,11,0,-0.46028,-1.49304,1.56237,40.0
2024,2,12,0,-0.22841,-1.65876,1.67442,29.0
2024,2,13,0,0.00776,-1.81581,1.81582,0.0
2024,2,14,0,0.12807,-1.89302,1.89735,0.0
2024,2,15,0,0.1807,-1.91793,1.92643,0.0
2024,2,16,0,0.20793,-1.90388,1.9152,0.0
2024,2,17,0,0.23753,-1.83617,1.85147,27.0
2024,2,18,0,0.28228,-1.77357,1.79589,0.0
2024,2,19,0,0.28655,-1.70043,1.72441,0.0
2024,2,20,0,0.35139,-1.53989,1.57947,32.0
2024,2,21,0,0.43437,-1.28746,1.35876,0.0
2024,2,22,0,0.57543,-1.01725,1.16872,5.0
2024,2,23,0,0.76731,-0.75709,1.07793,0.0
2024,2,24,0,1.0109,-0.42764,1.09763,7.0
2024,2,25,0,1.21174,-0.10242,1.21606,37.0
2024,2,26,0,1.31078,0.22669,1.33023,37.0
2024,2,27,0,1.34684,0.56473,1.46045,0.0
2024,2,28,0,1.41497,0.8338,1.64237,68.0
2024,2,29,0,1.44688,1.05506,1.7907,0.0
2024,3,1,0,1.46901,1.22819,1.91479,0.0
2024,3,2,0,1.4972,1.41241,2.05828,28.0
2024,3,3,0,1.48062,1.65376,2.21972,23.0
2024,3,4,0,1.44065,1.89564,2.38095,0.0
2024,3,5,0,1.37136,2.15104,2.551,2.0
2024,3,6,0,1.26321,2.3351,2.65488,32.0
2024,3,7,0,1.14325,2.46981,2.72158,22.0
2024,3,8,0,0.99649,2.6318,2.81414,0.0
2024,3,9,0,0.85465,2.71108,2.8426,0.0
2024,3,10,0,0.69788,2.72733,2.8152,20.0
2024,3,11,0,0.43749,2.72669,2.76156,30.0
2024,3,12,0,0.05895,2.62617,2.62683,9.0
2024,3,13,0,-0.40139,2.44437,2.47711,0.0
2024,3,14,0,-0.86336,2.09751,2.26825,29.0
2024,3,15,0,-1.26513,1.55951,2.00814,14.0
2024,3,16,0,-1.47986,0.99259,1.78192,2.0
2024,3,17,0,-1.46895,0.48246,1.54615,1.0
2024,3,18,0,-1.28025,0.0295,1.28059,0.0
2024,3,19,0,-1.08646,-0.42229,1.16564,0.0
2024,3,20,0,-0.89358,-0.77824,1.18497,0.0
2024,3,21,0,-0.69738,-1.05743,1.26669,0.0
2024,3,22,0,-0.4893,-1.29045,1.3801,0.0
2024,3,23,0,-0.39207,-1.36244,1.41773,0.0
2024,3,24,0,-0.33641,-1.37851,1.41897,1.0
2024,3,25,0,-0.3206,-1.45039,1.4854,0.0
2024,3,26,0,-0.31731,-1.42877,1.46358,0.0
2024,3,27,0,-0.34205,-1.29574,1.34013,0.0
2024,3,28,0,-0.35111,-1.05876,1.11546,2.0
2024,3,29,0,-0.34723,-0.87737,0.94359,30.0
2024,3,30,0,-0.33316,-0.70967,0.78399,5.0
2024,3,31,0,-0.295,-0.54446,0.61924,0.0
2024,4,1,0,-0.23475,-0.55808,0.60544,6.0
2024,4,2,0,-0.13072,-0.57698,0.5916,2.0
2024,4,3,0,-0.03127,-0.48134,0.48235,5.0
2024,4,4,0,0.02424,-0.40187,0.4026,52.0
2024,4,5,0,0.0619,-0.30792,0.31408,1.0
2024,4,6,0,0.09776,-0.28262,0.29905,0.0
2024,4,7,0,0.1554,-0.3052,0.34248,22.0
2024,4,8,0,0.25084,-0.31358,0.40157,6.0
2024,4,9,0,0.30501,-0.37474,0.48318,88.0
2024,4,10,0,0.24383,-0.40016,0.4686,14.0
2024,4,11,0,0.19534,-0.40496,0.44962,0.0
2024,4,12,0,0.26894,-0.41449,0.49409,8.0
2024,4,13,0,0.37766,-0.40508,0.55382,9.0
2024,4,14,0,0.50979,-0.46878,0.69256,0.0
2024,4,15,0,0.61235,-0.50603,0.79438,2.0
2024,4,16,0,0.68887,-0.4701,0.83399,0.0
2024,4,17,0,0.7358,-0.48618,0.88192,0.0
2024,4,18,0,0.81936,-0.44045,0.93025,6.0
2024,4,19,0,1.07317,-0.36664,1.13407,94.0
2024,4,20,0,1.22398,-0.33631,1.26934,0.0
2024,4,21,0,1.24339,-0.35714,1.29367,0.0
2024,4,22,0,1.18982,-0.37894,1.24871,6.0
2024,4,23,0,1.19726,-0.31758,1.23866,0.0
2024,4,24,0,1.24368,-0.2685,1.27234,0.0
2024,4,25,0,1.26198,-0.19859,1.27751,0.0
2024,4,26,0,1.29661,-0.06522,1.29825,0.0
2024,4,27,0,1.22567,0.06499,1.2274,0.0
2024,4,28,0,1.03758,0.21324,1.05926,5.0
2024,4,29,0,0.88645,0.3693,0.9603,18.0
2024,4,30,0,0.73603,0.5135,0.89746,0.0
2024,5,1,0,0.60047,0.64105,0.87836,0.0
2024,5,2,0,0.338,0.74939,0.82209,0.0
2024,5,3,0,0.05988,0.84501,0.84713,0.0
2024,5,4,0,-0.17136,0.87282,0.88948,53.0
2024,5,5,0,-0.45749,0.85636,0.9709,0.0
2024,5,6,0,-0.68752,0.86497,1.10493,0.0
2024,5,7,0,-0.77886,0.82627,1.13549,0.0
2024,5,8,0,-0.80549,0.74355,1.09621,0.0
2024,5,9,0,-0.79791,0.68691,1.05286,0.0
2024,5,10,0,-0.72095,0.55985,0.9128,0.0
2024,5,11,0,-0.62026,0.44821,0.76525,0.0
2024,5,12,0,-0.49607,0.37325,0.62081,0.0
2024,5,13,0,-0.41528,0.31298,0.52001,0.0
2024,5,14,0,-0.23209,0.31743,0.39323,0.0
2024,5,15,0,-0.02952,0.29747,0.29893,0.0
2024,5,16,0,0.08969,0.36646,0.37727,0.0
2024,5,17,0,0.16054,0.50165,0.52671,0.0
2024,5,18,0,0.28283,0.63819,0.69806,0.0
2024,5,19,0,0.36144,0.82808,0.90352,0.0
2024,5,20,0,0.43518,0.97869,1.07108,0.0
2024,5,21,0,0.46941,1.06876,1.1673,0.0
2024,5,22,0,0.5109,1.11361,1.22521,0.0
2024,5,23,0,0.52602,1.06236,1.18546,0.0
2024,5,24,0,0.53123,0.9623,1.09919,0.0
2024,5,25,0,0.42023,0.82764,0.92821,0.0
2024,5,26,0,0.3054,0.68098,0.74633,0.0
2024,5,27,0,0.19693,0.62987,0.65994,0.0
2024,5,28,0,0.15451,0.55128,0.57252,0.0
2024,5,29,0,0.08874,0.46482,0.47322,0.0
2024,5,30,0,-0.06132,0.38563,0.39047,0.0
2024,5,31,0,-0.24084,0.30699,0.39019,0.0
2024,6,1,0,-0.51803,0.34036,0.61984,0.0
2024,6,2,0,-0.72299,0.41462,0.83344,0.0
2024,6,3,0,-0.83953,0.33534,0.90403,0.0
2024,6,4,0,-0.86564,0.25056,0.90117,0.0
2024,6,5,0,-0.93732,0.1083,0.94355,34.0
2024,6,6,0,-1.04721,0.01718,1.04735,46.0
2024,6,7,0,-1.03255,-0.05699,1.03412,76.0
2024,6,8,0,-0.95556,-0.07319,0.95836,0.0
2024,6,9,0,-0.87963,-0.04157,0.88061,0.0
2024,6,10,0,-0.71272,-0.12476,0.72356,0.0
2024,6,11,0,-0.5279,-0.24875,0.58358,0.0
2024,6,12,0,-0.36762,-0.21303,0.42489,0.0
2024,6,13,0,-0.34994,-0.20447,0.4053,0.0
2024,6,14,0,-0.3172,-0.15941,0.355,0.0
2024,6,15,0,-0.24884,-0.1441,0.28756,0.0
2024,6,16,0,-0.24114,-0.10971,0.26492,0.0
2024,6,17,0,-0.16379,-0.0394,0.16847,0.0
2024,6,18,0,-0.15461,-0.04543,0.16115,0.0
2024,6,19,0,-0.03873,0.0499,0.06317,0.0
2024,6,20,0,-0.02442,0.12222,0.12463,0.0
2024,6,21,0,-0.00341,0.17267,0.1727,0.0
2024,6,22,0,0.08969,0.24864,0.26433,0.0
2024,6,23,0,0.20493,0.21231,0.29508,0.0
2024,6,24,0,0.23737,0.06899,0.2472,0.0
2024,6,25,0,0.25283,0.03766,0.25562,0.0
2024,6,26,0,0.21864,0.06904,0.22928,0.0
2024,6,27,0,0.31951,0.17369,0.36366,0.0
2024,6,28,0,0.26366,0.10834,0.28506,0.0
2024,6,29,0,0.21252,0.16218,0.26734,0.0
2024,6,30,0,0.29299,0.22878,0.37173,0.0
2024,7,1,0,0.41047,0.2477,0.47942,0.0
2024,7,2,0,0.48075,0.33239,0.58447,0.0
2024,7,3,0,0.53943,0.52047,0.74959,0.0
2024,7,4,0,0.57957,0.6214,0.84973,0.0
2024,7,5,0,0.62802,0.60896,0.87478,0.0
2024,7,6,0,0.61134,0.61232,0.86526,0.0
2024,7,7,0,0.54303,0.76052,0.93449,0.0
2024,7,8,0,0.52899,0.83769,0.99074,0.0
2024,7,9,0,0.38073,0.87841,0.95737,0.0
2024,7,10,0,0.17012,0.95816,0.97314,0.0
2024,7,11,0,-0.11506,0.98699,0.99368,0.0
2024,7,12,0,-0.38601,1.01755,1.08831,0.0
2024,7,13,0,-0.56515,1.03217,1.17677,0.0
2024,7,14,0,-0.72225,1.05539,1.27887,0.0
2024,7,15,0,-0.80733,1.0205,1.30123,0.0
2024,7,16,0,-0.8473,0.87549,1.21836,0.0
2024,7,17,0,-0.97348,0.74338,1.22485,0.0
2024,7,18,0,-1.02469,0.58343,1.17914,0.0
2024,7,19,0,-1.07492,0.36178,1.13416,0.0
2024,7,20,0,-1.04088,0.16651,1.05412,0.0
2024,7,21,0,-1.00655,-0.02808,1.00694,0.0
2024,7,22,0,-0.95618,-0.22188,0.98158,0.0
2024,7,23,0,-0.98067,-0.41102,1.06332,0.0
2024,7,24,0,-0.9618,-0.56708,1.11653,0.0
2024,7,25,0,-0.81654,-0.7105,1.08238,0.0
2024,7,26,0,-0.52411,-0.91522,1.05467,0.0
2024,7,27,0,-0.23669,-1.11677,1.14158,0.0
2024,7,28,0,-0.00634,-1.16145,1.16147,0.0
2024,7,29,0,0.20387,-1.21125,1.22828,0.0
2024,7,30,0,0.39233,-1.24181,1.30231,0.0
2024,7,31,0,0.52656,-1.26062,1.36617,0.0
2024,8,1,0,0.70238,-1.27119,1.45232,0.0
2024,8,2,0,0.81641,-1.21147,1.46088,0.0
2024,8,3,0,0.86676,-1.13477,1.42793,0.0
2024,8,4,0,0.8815,-1.09033,1.40209,0.0
2024,8,5,0,0.95588,-1.00197,1.38479,0.0
2024,8,6,0,1.08348,-1.01598,1.48531,0.0
2024,8,7,0,1.24612,-1.0034,1.59989,0.0
2024,8,8,0,1.36628,-1.03914,1.71655,0.0
2024,8,9,0,1.50007,-1.09136,1.85507,0.0
2024,8,10,0,1.58168,-1.15802,1.96029,0.0
2024,8,11,0,1.62292,-1.27182,2.06189,0.0
2024,8,12,0,1.57513,-1.27314,2.02532,0.0
2024,8,13,0,1.53901,-1.17015,1.93334,0.0
2024,8,14,0,1.4203,-1.13044,1.81526,0.0
2024,8,15,0,1.28134,-0.98233,1.61456,0.0
2024,8,16,0,1.12981,-0.79321,1.38045,0.0
2024,8,17,0,1.04004,-0.58507,1.19331,0.0
2024,8,18,0,0.88814,-0.32449,0.94556,0.0
2024,8,19,0,0.76656,-0.01559,0.76672,0.0
2024,8,20,0,0.57179,0.34325,0.66691,0.0
2024,8,21,0,0.41397,0.52381,0.66764,0.0
2024,8,22,0,0.25339,0.66092,0.70782,0.0
2024,8,23,0,0.07029,0.886,0.88878,0.0
2024,8,24,0,-0.13019,1.02583,1.03406,0.0
2024,8,25,0,-0.31427,1.13201,1.17482,0.0
2024,8,26,0,-0.47692,1.27394,1.36028,0.0
2024,8,27,0,-0.61066,1.3515,1.48306,0.0
2024,8,28,0,-0.79894,1.34014,1.56021,0.0
2024,8,29,0,-0.83952,1.24905,1.50497,0.0
2024,8,30,0,-0.83005,1.18741,1.44876,0.0
2024,8,31,0,-0.93566,1.08017,1.42906,0.0
2024,9,1,0,-1.06208,0.90028,1.39231,0.0
2024,9,2,0,-1.10939,0.76772,1.34912,0.0
2024,9,3,0,-1.04462,0.60744,1.20839,0.0
2024,9,4,0,-1.02131,0.41884,1.10386,0.0
2024,9,5,0,-1.08247,0.22267,1.10513,0.0
2024,9,6,0,-1.08949,0.1519,1.10003,0.0
2024,9,7,0,-1.13745,0.08418,1.14056,0.0
2024,9,8,0,-1.29122,0.01866,1.29136,0.0
2024,9,9,0,-1.42975,0.05187,1.4307,0.0
2024,9,10,0,-1.51514,0.10959,1.51909,1.0
2024,9,11,0,-1.52722,0.07303,1.52896,24.0
2024,9,12,0,-1.65427,0.02628,1.65448,0.0
2024,9,13,0,-1.72356,-0.02129,1.72369,0.0
2024,9,14,0,-1.70346,-0.05221,1.70426,0.0
2024,9,15,0,-1.62523,-0.13165,1.63055,0.0
2024,9,16,0,-1.60896,-0.19133,1.62029,0.0
2024,9,17,0,-1.53247,-0.20954,1.54673,0.0
2024,9,18,0,-1.31677,-0.30015,1.35054,0.0
2024,9,19,0,-1.02261,-0.34342,1.07874,0.0
2024,9,20,0,-0.77247,-0.37079,0.85685,0.0
2024,9,21,0,-0.49164,-0.40002,0.63382,0.0
2024,9,22,0,-0.17818,-0.45605,0.48962,0.0
2024,9,23,0,0.19222,-0.5016,0.53717,0.0
2024,9,24,0,0.56549,-0.58656,0.81475,0.0
2024,9,25,0,0.93917,-0.65226,1.14345,7.0
2024,9,26,0,1.23145,-0.68601,1.40963,4.0
2024,9,27,0,1.38074,-0.64951,1.52588,90.0
2024,9,28,0,1.42759,-0.61082,1.55278,0.0
2024,9,29,0,1.45542,-0.54295,1.55339,0.0
2024,9,30,0,1.51195,-0.51495,1.59724,0.0
2024,10,1,0,1.53276,-0.40075,1.58428,0.0
2024,10,2,0,1.53207,-0.31461,1.56404,0.0
2024,10,3,0,1.53879,-0.19355,1.55092,0.0
2024,10,4,0,1.5427,-0.1166,1.5471,0.0
2024,10,5,0,1.63091,-0.09147,1.63348,0.0
2024,10,6,0,1.78711,-0.07487,1.78868,0.0
2024,10,7,0,1.96672,-0.02242,1.96685,0.0
2024,10,8,0,2.06354,0.10716,2.06632,0.0
2024,10,9,0,2.05829,0.34644,2.08724,0.0
2024,10,10,0,1.92862,0.55039,2.00562,0.0
2024,10,11,0,1.65078,0.69819,1.79235,0.0
2024,10,12,0,1.34357,0.73745,1.53265,0.0
2024,10,13,0,1.04938,0.68104,1.25101,0.0
2024,10,14,0,0.69629,0.59632,0.91674,0.0
2024,10,15,0,0.24112,0.42182,0.48587,0.0
2024,10,16,0,-0.27262,0.22535,0.3537,0.0
2024,10,17,0,-0.75937,0.01423,0.7595,0.0
2024,10,18,0,-1.23615,-0.14243,1.24433,0.0
2024,10,19,0,-1.57517,-0.16695,1.584,0.0
2024,10,20,0,-1.76858,-0.13557,1.77377,0.0
2024,10,21,0,-1.93092,-0.25498,1.94768,0.0
2024,10,22,0,-2.05126,-0.4016,2.0902,0.0
2024,10,23,0,-2.09059,-0.58478,2.17083,27.0
2024,10,24,0,-1.97853,-0.72641,2.10766,0.0
2024,10,25,0,-1.82468,-0.86209,2.01809,0.0
2024,10,26,0,-1.61619,-0.99274,1.89673,2.0
2024,10,27,0,-1.38788,-1.09092,1.7653,6.0
2024,10,28,0,-1.23411,-1.22984,1.74228,0.0
2024,10,29,0,-1.10544,-1.30185,1.70787,0.0
2024,10,30,0,-0.93741,-1.29325,1.59726,0.0
2024,10,31,0,-0.80061,-1.1671,1.41531,0.0
2024,11,1,0,-0.73803,-0.96112,1.21179,0.0
2024,11,2,0,-0.71619,-0.83652,1.10122,4.0
2024,11,3,0,-0.61938,-0.75103,0.97349,0.0
2024,11,4,0,-0.51435,-0.6152,0.80189,0.0
2024,11,5,0,-0.34742,-0.47193,0.58602,6.0
2024,11,6,0,-0.15966,-0.35799,0.39198,1.0
2024,11,7,0,-0.008,-0.2723,0.27242,0.0
2024,11,8,0,0.12761,-0.17377,0.2156,13.0
2024,11,9,0,0.29202,-0.11646,0.31439,0.0
2024,11,10,0,0.54958,-0.03773,0.55087,16.0
2024,11,11,0,0.78142,-0.02383,0.78178,28.0
2024,11,12,0,0.9484,-0.03775,0.94915,23.0
2024,11,13,0,1.08731,0.00679,1.08733,0.0
2024,11,14,0,1.19614,0.07643,1.19858,2.0
2024,11,15,0,1.3254,0.17404,1.33678,0.0
2024,11,16,0,1.48366,0.24157,1.50319,0.0
2024,11,17,0,1.60276,0.40682,1.65359,0.0
2024,11,18,0,1.71547,0.68943,1.84882,1.0
2024,11,19,0,1.68331,1.08441,2.00236,14.0
2024,11,20,0,1.51317,1.65055,2.2392,17.0
2024,11,21,0,1.20039,2.17708,2.48608,23.0
2024,11,22,0,0.91744,2.44208,2.60872,10.0
2024,11,23,0,0.72657,2.48615,2.59014,5.0
2024,11,24,0,0.54112,2.40016,2.4604,6.0
2024,11,25,0,0.4121,2.35018,2.38604,75.0
2024,11,26,0,0.338,2.28786,2.31269,23.0
2024,11,27,0,0.30017,2.19894,2.21934,2.0
2024,11,28,0,0.27904,2.08339,2.10199,24.0
2024,11,29,0,0.20549,1.9024,1.91347,18.0
2024,11,30,0,0.07703,1.72381,1.72553,26.0
2024,12,1,0,-0.05308,1.59377,1.59465,0.0
2024,12,2,0,-0.19871,1.56627,1.57883,12.0
2024,12,3,0,-0.29646,1.55873,1.58667,0.0
2024,12,4,0,-0.41635,1.50504,1.56157,24.0
2024,12,5,0,-0.51831,1.41403,1.50603,1.0
2024,12,6,0,-0.57336,1.31218,1.43198,0.0
2024,12,7,0,-0.59469,1.17177,1.31404,0.0
2024,12,8,0,-0.63457,1.08055,1.2531,0.0
2024,12,9,0,-0.69873,1.0336,1.24762,29.0
2024,12,10,0,-0.78887,0.95716,1.24036,1.0
2024,12,11,0,-0.84672,0.8069,1.16962,9.0
2024,12,12,0,-0.88283,0.62408,1.08114,0.0
2024,12,13,0,-0.96105,0.47448,1.0718,0.0
2024,12,14,0,-1.03502,0.31332,1.08141,3.0
2024,12,15,0,-1.13679,0.13095,1.14431,0.0
2024,12,16,0,-1.29912,-0.01839,1.29925,0.0
2024,12,17,0,-1.43764,-0.15964,1.44647,0.0
2024,12,18,0,-1.46918,-0.30387,1.50027,0.0
2024,12,19,0,-1.40947,-0.42944,1.47344,1.0
2024,12,20,0,-1.43133,-0.52252,1.52372,0.0
2024,12,21,0,-1.43944,-0.58554,1.55398,6.0
2024,12,22,0,-1.37637,-0.57762,1.49266,0.0
2024,12,23,0,-1.34414,-0.55652,1.4548,10.0
2024,12,24,0,-1.35832,-0.46274,1.43498,0.0
2024,12,25,0,-1.28849,-0.3489,1.33489,0.0
2024,12,26,0,-1.11756,-0.30503,1.15844,8.0
2024,12,27,0,-0.91923,-0.30012,0.96698,0.0
2024,12,28,0,-0.77048,-0.3115,0.83106,47.0
2024,12,29,0,-0.63021,-0.40187,0.74744,0.0
2024,12,30,0,-0.47674,-0.488,0.68222,0.0
2024,12,31,0,-0.33669,-0.64123,0.72425,4.0
2025,1,1,0,-0.15161,-0.83951,0.85309,0.0
2025,1,2,0,-0.01538,-1.03555,1.03566,0.0
2025,1,3,0,0.04397,-1.19613,1.19693,0.0
2025,1,4,0,0.09447,-1.28177,1.28524,0.0
2025,1,5,0,0.16386,-1.34737,1.3573,0.0
2025,1,6,0,0.25824,-1.37261,1.39669,0.0
2025,1,7,0,0.44132,-1.33346,1.40459,0.0
2025,1,8,0,0.61568,-1.29596,1.43478,0.0
2025,1,9,0,0.82848,-1.19556,1.45456,0.0
2025,1,10,0,0.97642,-1.05761,1.43942,0.0
2025,1,11,0,1.1456,-0.87945,1.44424,0.0
2025,1,12,0,1.30742,-0.68624,1.47657,0.0
2025,1,13,0,1.44881,-0.55998,1.55327,0.0
2025,1,14,0,1.50703,-0.44391,1.57105,0.0
2025,1,15,0,1.591,-0.27509,1.61461,0.0
2025,1,16,0,1.73049,-0.11308,1.73418,0.0
2025,1,17,0,1.8584,0.09829,1.861,0.0
2025,1,18,0,1.84122,0.25251,1.85845,0.0
2025,1,19,0,1.80488,0.40362,1.84945,0.0
2025,1,20,0,1.74325,0.49621,1.81249,0.0
2025,1,21,0,1.67793,0.5396,1.76256,0.0
2025,1,22,0,1.65515,0.66908,1.78527,0.0
2025,1,23,0,1.65511,0.78314,1.83104,0.0
2025,1,24,0,1.50906,0.85967,1.73675,0.0
2025,1,25,0,1.27893,1.00564,1.62695,0.0
2025,1,26,0,1.06927,1.10933,1.54077,0.0
2025,1,27,0,0.90128,1.24187,1.53445,0.0
2025,1,28,0,0.79338,1.37593,1.58828,0.0
2025,1,29,0,0.72994,1.45193,1.62509,0.0
2025,1,30,0,0.65056,1.52326,1.65636,0.0
2025,1,31,0,0.45257,1.55265,1.61726,0.0
2025,2,1,0,0.23925,1.56166,1.57988,0.0
2025,2,2,0,0.11651,1.50966,1.51415,0.0
2025,2,3,0,-0.02948,1.37047,1.37078,0.0
2025,2,4,0,-0.24224,1.25398,1.27717,0.0
2025,2,5,0,-0.40738,1.14776,1.21791,0.0
2025,2,6,0,-0.53832,1.02953,1.16177,0.0
2025,2,7,0,-0.61283,0.87894,1.07149,0.0
2025,2,8,0,-0.66758,0.62425,0.91398,0.0
2025,2,9,0,-0.69889,0.36244,0.78728,0.0
2025,2,10,0,-0.7668,0.16814,0.78502,0.0
2025,2,11,0,-0.87964,0.0313,0.8802,0.0
2025,2,12,0,-0.9387,-0.11252,0.94542,0.0
2025,2,13,0,-0.97073,-0.31724,1.02125,0.0
2025,2,14,0,-1.08685,-0.50862,1.19998,0.0
2025,2,15,0,-1.28628,-0.58378,1.41256,0.0
2025,2,16,0,-1.483,-0.56308,1.5863,0.0
2025,2,17,0,-1.60916,-0.48509,1.68069,0.0
2025,2,18,0,-1.70685,-0.39728,1.75247,0.0
2025,2,19,0,-1.75764,-0.33324,1.78895,0.0
2025,2,20,0,-1.76101,-0.26193,1.78038,0.0
2025,2,21,0,-1.75604,-0.17611,1.76485,0.0
2025,2,22,0,-1.74021,-0.18502,1.75001,0.0
2025,2,23,0,-1.58686,-0.3289,1.62058,0.0
2025,2,24,0,-1.25051,-0.61945,1.39553,0.0
2025,2,25,0,-0.87444,-0.95479,1.29471,0.0
2025,2,26,0,-0.52965,-1.15551,1.27111,0.0
2025,2,27,0,-0.17133,-1.25561,1.26724,0.0
2025,2,28,0,0.18437,-1.33284,1.34553,0.0
2025,3,1,0,0.51761,-1.49651,1.5835,0.0
2025,3,2,0,0.80524,-1.63022,1.81825,0.0
2025,3,3,0,0.99947,-1.705,1.97635,0.0
2025,3,4,0,1.08349,-1.80899,2.10865,0.0
2025,3,5,0,1.01513,-1.80091,2.06731,0.0
2025,3,6,0,0.96328,-1.64629,1.9074,0.0
2025,3,7,0,0.91067,-1.51249,1.76549,0.0
2025,3,8,0,0.84524,-1.35813,1.59967,0.0
2025,3,9,0,0.74764,-1.17253,1.39061,0.0
2025,3,10,0,0.64692,-0.91146,1.1177,0.0
2025,3,11,0,0.55387,-0.64025,0.84658,0.0
2025,3,12,0,0.53285,-0.34159,0.63294,0.0
2025,3,13,0,0.6371,-0.04226,0.6385,0.0
2025,3,14,0,0.74227,0.22924,0.77686,0.0
2025,3,15,0,0.64727,0.51862,0.82942,0.0
2025,3,16,0,0.48681,0.83223,0.96415,0.0
2025,3,17,0,0.30208,1.03151,1.07483,0.0
2025,3,18,0,0.18391,1.19622,1.21028,0.0
2025,3,19,0,0.02168,1.26305,1.26324,0.0
2025,3,20,0,-0.07715,1.28719,1.2895,0.0
2025,3,21,0,-0.08509,1.2632,1.26607,0.0
2025,3,22,0,-0.16692,1.1616,1.17354,0.0
2025,3,23,0,-0.2728,1.05861,1.09319,0.0
2025,3,24,0,-0.29807,0.99619,1.03983,0.0
2025,3,25,0,-0.29872,0.91595,0.96343,0.0
2025,3,26,0,-0.20091,0.82263,0.84681,0.0
2025,3,27,0,-0.1567,0.63108,0.65024,0.0
2025,3,28,0,-0.07686,0.51473,0.52043,0.0
2025,3,29,0,-0.07862,0.3896,0.39745,0.0
2025,3,30,0,-0.20306,0.27428,0.34126,0.0
2025,3,31,0,-0.26635,0.22916,0.35136,0.0
2025,4,1,0,-0.3055,0.18732,0.35836,0.0
2025,4,2,0,-0.35227,0.11945,0.37197,0.0
2025,4,3,0,-0.40133,0.04157,0.40348,0.0
2025,4,4,0,-0.54376,-0.00464,0.54378,0.0
2025,4,5,0,-0.60608,0.00329,0.60609,0.0
2025,4,6,0,-0.64287,-0.03139,0.64363,0.0
2025,4,7,0,-0.57216,-0.06006,0.5753,0.0
2025,4,8,0,-0.55503,-0.13748,0.5718,0.0
2025,4,9,0,-0.61861,-0.18231,0.64492,0.0
2025,4,10,0,-0.67318,-0.21513,0.70672,0.0
2025,4,11,0,-0.67973,-0.24268,0.72175,0.0
2025,4,12,0,-0.70353,-0.27085,0.75387,0.0
2025,4,13,0,-0.72216,-0.25168,0.76476,0.0
2025,4,14,0,-0.80403,-0.19376,0.82705,0.0
2025,4,15,0,-0.83614,-0.15557,0.85049,0.0
2025,4,16,0,-0.95489,-0.11545,0.96185,0.0
2025,4,17,0,-0.97184,0.00408,0.97184,0.0
2025,4,18,0,-0.91865,0.10325,0.92444,0.0
2025,4,19,0,-0.79678,0.15403,0.81153,0.0
2025,4,20,0,-0.77245,0.1749,0.79201,0.0
2025,4,21,0,-0.75858,0.18309,0.78036,0.0
2025,4,22,0,-0.72177,0.1745,0.74256,0.0
2025,4,23,0,-0.65861,0.11136,0.66796,0.0
2025,4,24,0,-0.63081,0.0442,0.63236,0.0
2025,4,25,0,-0.59229,-0.09685,0.60016,0.0
2025,4,26,0,-0.57334,-0.25372,0.62697,0.0
2025,4,27,0,-0.59736,-0.40547,0.72197,0.0
2025,4,28,0,-0.62971,-0.50693,0.8084,0.0
2025,4,29,0,-0.61506,-0.57392,0.84124,0.0
2025,4,30,0,-0.58924,-0.62796,0.86113,0.0
2025,5,1,0,-0.5569,-0.69727,0.89237,0.0
2025,5,2,0,-0.52561,-0.70517,0.87951,0.0
2025,5,3,0,-0.44122,-0.6741,0.80566,0.0
2025,5,4,0,-0.34069,-0.58936,0.68075,0.0
2025,5,5,0,-0.19857,-0.49136,0.52997,0.0
2025,5,6,0,-0.11809,-0.3498,0.36919,0.0
2025,5,7,0,-0.00652,-0.20393,0.20403,0.0
2025,5,8,0,0.13492,-0.08829,0.16123,0.0
2025,5,9,0,0.29318,0.023,0.29408,0.0
2025,5,10,0,0.43715,0.24743,0.50232,0.0
2025,5,11,0,0.51344,0.38886,0.64407,0.0
2025,5,12,0,0.55768,0.50205,0.75038,0.0
2025,5,13,0,0.5858,0.58315,0.82657,0.0
2025,5,14,0,0.52244,0.66575,0.84627,0.0
2025,5,15,0,0.56341,0.6875,0.88887,0.0
2025,5,16,0,0.55632,0.70089,0.89484,0.0
2025,5,17,0,0.46322,0.76202,0.89176,0.0
2025,5,18,0,0.39458,0.79732,0.88961,0.0
2025,5,19,0,0.33009,0.72364,0.79537,0.0
2025,5,20,0,0.33911,0.65081,0.73386,0.0
2025,5,21,0,0.34968,0.56867,0.66758,0.0
2025,5,22,0,0.34431,0.49267,0.60106,0.0
2025,5,23,0,0.33045,0.43295,0.54465,0.0
2025,5,24,0,0.25021,0.39148,0.46461,0.0
2025,5,25,0,0.18975,0.2487,0.31282,0.0
2025,5,26,0,0.16525,0.0782,0.18282,0.0
2025,5,27,0,0.12277,-0.03427,0.12746,0.0
2025,5,28,0,0.06407,-0.14853,0.16176,0.0
2025,5,29,0,-0.01231,-0.20038,0.20076,0.0
2025,5,30,0,-0.06424,-0.25173,0.2598,0.0
2025,5,31,0,-0.13798,-0.25259,0.28782,0.0
2025,6,1,0,-0.18763,-0.28836,0.34402,0.0
2025,6,2,0,-0.16385,-0.36453,0.39966,0.0
2025,6,3,0,-0.17011,-0.32039,0.36275,0.0
2025,6,4,0,-0.17845,-0.27262,0.32583,0.0
2025,6,5,0,-0.21855,-0.21293,0.30513,0.0
2025,6,6,0,-0.24523,-0.12109,0.2735,0.0
2025,6,7,0,-0.27906,-0.11845,0.30316,0.0
2025,6,8,0,-0.35416,-0.107,0.36997,0.0
2025,6,9,0,-0.40415,-0.07292,0.41068,0.0
2025,6,10,0,-0.32132,-0.02372,0.32219,0.0
2025,6,11,0,-0.20815,-0.00988,0.20838,0.0
2025,6,12,0,-0.1209,-0.04641,0.1295,0.0
2025,6,13,0,-0.06177,-0.04137,0.07435,0.0
2025,6,14,0,0.01866,-0.03668,0.04116,0.0
2025,6,15,0,0.06952,-0.07139,0.09965,0.0
2025,6,16,0,0.09835,-0.07258,0.12223,0.0
2025,6,17,0,0.13792,-0.0233,0.13988,0.0
2025,6,18,0,0.24714,0.02671,0.24858,0.0
2025,6,19,0,0.20157,0.02144,0.20271,0.0
2025,6,20,0,0.0574,0.02261,0.06169,0.0
2025,6,21,0,-0.11773,0.06082,0.13251,0.0
2025,6,22,0,-0.2696,0.10834,0.29056,0.0
2025,6,23,0,-0.39975,0.06371,0.4048,0.0
2025,6,24,0,-0.43881,0.00233,0.43881,0.0
2025,6,25,0,-0.48935,-0.04809,0.49171,0.0
2025,6,26,0,-0.58475,-0.16275,0.60698,0.0
2025,6,27,0,-0.66268,-0.26311,0.713,0.0
2025,6,28,0,-0.6561,-0.27416,0.71108,0.0
2025,6,29,0,-0.60538,-0.30815,0.6793,0.0
2025,6,30,0,-0.46067,-0.35197,0.57974,0.0
2025,7,1,0,-0.2476,-0.38756,0.4599,0.0
2025,7,2,0,-0.11643,-0.33508,0.35474,0.0
2025,7,3,0,-0.04194,-0.30639,0.30925,0.0
2025,7,4,0,0.16649,-0.28932,0.3338,0.0
2025,7,5,0,0.36793,-0.28578,0.46588,0.0
2025,7,6,0,0.4673,-0.24579,0.528,0.0
2025,7,7,0,0.5215,-0.22465,0.56783,0.0
2025,7,8,0,0.63792,-0.11035,0.64739,0.0
2025,7,9,0,0.70091,-0.00898,0.70096,0.0
2025,7,10,0,0.71958,0.09888,0.72634,0.0
2025,7,11,0,0.68296,0.23459,0.72213,0.0
2025,7,12,0,0.57044,0.37781,0.6842,0.0
2025,7,13,0,0.38952,0.49052,0.62637,0.0
2025,7,14,0,0.15747,0.56967,0.59103,0.0
2025,7,15,0,-0.02897,0.59356,0.59427,0.0
2025,7,16,0,-0.1897,0.60077,0.63001,0.0
2025,7,17,0,-0.40598,0.51027,0.65207,0.0
2025,7,18,0,-0.6044,0.36035,0.70367,0.0
2025,7,19,0,-0.83895,0.15842,0.85378,0.0
2025,7,20,0,-0.97732,-0.05814,0.97905,0.0
2025,7,21,0,-0.92903,-0.29845,0.97579,0.0
2025,7,22,0,-0.82504,-0.49521,0.96225,0.0
2025,7,23,0,-0.62495,-0.67458,0.91958,0.0
2025,7,24,0,-0.50315,-0.95403,1.07858,0.0
2025,7,25,0,-0.34254,-1.22008,1.26725,0.0
2025,7,26,0,-0.05783,-1.36497,1.36619,0.0
2025,7,27,0,0.25107,-1.44877,1.47036,0.0
2025,7,28,0,0.65545,-1.44781,1.58926,0.0
2025,7,29,0,1.05124,-1.45087,1.79168,0.0
2025,7,30,0,1.32599,-1.39371,1.92372,0.0
2025,7,31,0,1.50233,-1.34071,2.01358,0.0
2025,8,1,0,1.58762,-1.21087,1.99668,0.0
2025,8,2,0,1.67043,-0.90233,1.89857,0.0
2025,8,3,0,1.72757,-0.61183,1.83271,0.0
2025,8,4,0,1.67616,-0.34327,1.71095,0.0
2025,8,5,0,1.54701,-0.09956,1.55021,0.0
2025,8,6,0,1.29325,0.10306,1.29735,0.0
2025,8,7,0,1.10047,0.31341,1.14423,0.0
2025,8,8,0,0.94504,0.55881,1.0979,0.0
2025,8,9,0,0.75907,0.78699,1.09341,0.0
2025,8,10,0,0.62467,0.98083,1.16286,0.0
2025,8,11,0,0.53239,1.11316,1.23392,0.0
2025,8,12,0,0.33916,1.20736,1.25409,0.0
2025,8,13,0,0.08297,1.25539,1.25813,0.0
2025,8,14,0,-0.0693,1.2755,1.27738,0.0
2025,8,15,0,-0.05266,1.27634,1.27743,0.0
2025,8,16,0,-0.15118,1.23269,1.24193,0.0
2025,8,17,0,-0.35231,1.14647,1.19938,0.0
2025,8,18,0,-0.53088,1.08078,1.20412,0.0
2025,8,19,0,-0.65102,1.03105,1.21938,0.0
2025,8,20,0,-0.77281,0.88531,1.17516,0.0
2025,8,21,0,-0.81432,0.74816,1.10583,0.0
2025,8,22,0,-0.74336,0.71052,1.02831,0.0
2025,8,23,0,-0.6917,0.76599,1.03208,0.0
2025,8,24,0,-0.80744,0.81413,1.14663,0.0
2025,8,25,0,-0.8413,0.85938,1.20263,0.0
2025,8,26,0,-0.77962,0.85084,1.15401,0.0
2025,8,27,0,-0.67504,0.86661,1.09849,0.0
2025,8,28,0,-0.62119,0.82089,1.02943,0.0
2025,8,29,0,-0.52137,0.78069,0.93878,0.0
2025,8,30,0,-0.34778,0.74833,0.82519,0.0
2025,8,31,0,-0.26495,0.58599,0.6431,0.0
2025,9,1,0,-0.25312,0.40797,0.48011,0.0
2025,9,2,0,-0.20909,0.33018,0.39082,0.0
2025,9,3,0,-0.12584,0.31713,0.34118,0.0
2025,9,4,0,-0.02539,0.30832,0.30937,0.0
2025,9,5,0,0.06889,0.22533,0.23562,0.0
2025,9,6,0,0.19177,0.16805,0.25498,0.0
2025,9,7,0,0.30378,0.18704,0.35674,0.0
2025,9,8,0,0.34828,0.16533,0.38553,0.0
2025,9,9,0,0.39366,0.19511,0.43936,0.0
2025,9,10,0,0.38199,0.22517,0.44342,0.0
2025,9,11,0,0.34892,0.18114,0.39314,0.0
2025,9,12,0,0.23603,0.07445,0.2475,0.0
2025,9,13,0,0.09692,0.00048,0.09692,0.0
2025,9,14,0,-0.01949,-0.02427,0.03113,0.0
2025,9,15,0,-0.12358,-0.08556,0.15031,0.0
2025,9,16,0,-0.26152,-0.2221,0.3431,0.0
2025,9,17,0,-0.48452,-0.33806,0.59081,0.0
2025,9,18,0,-0.67291,-0.40149,0.78358,0.0
2025,9,19,0,-0.66467,-0.44347,0.79903,0.0
2025,9,20,0,-0.66307,-0.52429,0.84531,0.0
2025,9,21,0,-0.63094,-0.58075,0.85753,0.0
2025,9,22,0,-0.59729,-0.66155,0.89129,0.0
2025,9,23,0,-0.59027,-0.78015,0.97829,0.0
